主体性,行動傾向,協調性,外向性,勤勉性・計画性,ストレス耐性,モチベーション,開放性,説明
高い,高い,高い,高い,高い,高い,高い,高い,自ら課題を見つけて動き出し、判断から行動までのスピードも速く、周囲との調和を大切にしながら、社交的に人を巻き込んで物事を進めていきます。 計画的に段取りを組み立てるのが得意で、長期的な戦略づくりや着実な実行が求められる役割に向いています。 また、プレッシャーの下でも動じず安定した力を発揮できる、自ら目標を高く持って意欲的に取り組める、新しいやり方やアイデアも積極的に取り入れられる点も強みです。 何事にも全力で取り組むタイプなので、頑張りすぎて息切れしないよう、適度に力を抜くことも意識すると長く活躍できます。
高い,高い,高い,高い,高い,高い,高い,低い,自ら課題を見つけて動き出し、判断から行動までのスピードも速く、周囲との調和を大切にしながら、社交的に人を巻き込んで物事を進めていきます。 計画的に段取りを組み立てるのが得意で、長期的な戦略づくりや着実な実行が求められる役割に向いています。 また、プレッシャーの下でも動じず安定した力を発揮できる、自ら目標を高く持って意欲的に取り組める点も強みです。 一方で、変化や新しいやり方への対応にはやや時間がかかることには注意が必要です。
高い,高い,高い,高い,高い,高い,低い,高い,自ら課題を見つけて動き出し、判断から行動までのスピードも速く、周囲との調和を大切にしながら、社交的に人を巻き込んで物事を進めていきます。 計画的に段取りを組み立てるのが得意で、長期的な戦略づくりや着実な実行が求められる役割に向いています。 また、プレッシャーの下でも動じず安定した力を発揮できる、新しいやり方やアイデアも積極的に取り入れられる点も強みです。 一方で、きっかけや目的が明確でないと意欲を保ちにくいことには注意が必要です。
高い,高い,高い,高い,高い,高い,低い,低い,自ら課題を見つけて動き出し、判断から行動までのスピードも速く、周囲との調和を大切にしながら、社交的に人を巻き込んで物事を進めていきます。 計画的に段取りを組み立てるのが得意で、長期的な戦略づくりや着実な実行が求められる役割に向いています。 また、プレッシャーの下でも動じず安定した力を発揮できる点も強みです。 一方で、きっかけや目的が明確でないと意欲を保ちにくいこと、変化や新しいやり方への対応にはやや時間がかかることには注意が必要です。
高い,高い,高い,高い,高い,低い,高い,高い,自ら課題を見つけて動き出し、判断から行動までのスピードも速く、周囲との調和を大切にしながら、社交的に人を巻き込んで物事を進めていきます。 計画的に段取りを組み立てるのが得意で、長期的な戦略づくりや着実な実行が求められる役割に向いています。 また、自ら目標を高く持って意欲的に取り組める、新しいやり方やアイデアも積極的に取り入れられる点も強みです。 一方で、プレッシャーがかかる場面で本来の力を発揮しにくくなりやすいことには注意が必要です。
高い,高い,高い,高い,高い,低い,高い,低い,自ら課題を見つけて動き出し、判断から行動までのスピードも速く、周囲との調和を大切にしながら、社交的に人を巻き込んで物事を進めていきます。 計画的に段取りを組み立てるのが得意で、長期的な戦略づくりや着実な実行が求められる役割に向いています。 また、自ら目標を高く持って意欲的に取り組める点も強みです。 一方で、プレッシャーがかかる場面で本来の力を発揮しにくくなりやすいこと、変化や新しいやり方への対応にはやや時間がかかることには注意が必要です。
高い,高い,高い,高い,高い,低い,低い,高い,自ら課題を見つけて動き出し、判断から行動までのスピードも速く、周囲との調和を大切にしながら、社交的に人を巻き込んで物事を進めていきます。 計画的に段取りを組み立てるのが得意で、長期的な戦略づくりや着実な実行が求められる役割に向いています。 また、新しいやり方やアイデアも積極的に取り入れられる点も強みです。 一方で、プレッシャーがかかる場面で本来の力を発揮しにくくなりやすいこと、きっかけや目的が明確でないと意欲を保ちにくいことには注意が必要です。
高い,高い,高い,高い,高い,低い,低い,低い,自ら課題を見つけて動き出し、判断から行動までのスピードも速く、周囲との調和を大切にしながら、社交的に人を巻き込んで物事を進めていきます。 計画的に段取りを組み立てるのが得意で、長期的な戦略づくりや着実な実行が求められる役割に向いています。 一方で、プレッシャーがかかる場面で本来の力を発揮しにくくなりやすいこと、きっかけや目的が明確でないと意欲を保ちにくいこと、変化や新しいやり方への対応にはやや時間がかかることには注意が必要です。
高い,高い,高い,高い,低い,高い,高い,高い,自ら課題を見つけて動き出し、判断から行動までのスピードも速く、周囲との調和を大切にしながら、社交的に人を巻き込んで物事を進めていきます。 計画よりもその場の状況に応じた柔軟さが持ち味ですが、段取りを事前に詰め切れないことがあります。 また、プレッシャーの下でも動じず安定した力を発揮できる、自ら目標を高く持って意欲的に取り組める、新しいやり方やアイデアも積極的に取り入れられる点も強みです。 一方で、計画性やリスク管理が手薄になりやすいことには注意が必要です。
高い,高い,高い,高い,低い,高い,高い,低い,自ら課題を見つけて動き出し、判断から行動までのスピードも速く、周囲との調和を大切にしながら、社交的に人を巻き込んで物事を進めていきます。 計画よりもその場の状況に応じた柔軟さが持ち味ですが、段取りを事前に詰め切れないことがあります。 また、プレッシャーの下でも動じず安定した力を発揮できる、自ら目標を高く持って意欲的に取り組める点も強みです。 一方で、計画性やリスク管理が手薄になりやすいこと、変化や新しいやり方への対応にはやや時間がかかることには注意が必要です。
高い,高い,高い,高い,低い,高い,低い,高い,自ら課題を見つけて動き出し、判断から行動までのスピードも速く、周囲との調和を大切にしながら、社交的に人を巻き込んで物事を進めていきます。 計画よりもその場の状況に応じた柔軟さが持ち味ですが、段取りを事前に詰め切れないことがあります。 また、プレッシャーの下でも動じず安定した力を発揮できる、新しいやり方やアイデアも積極的に取り入れられる点も強みです。 一方で、計画性やリスク管理が手薄になりやすいこと、きっかけや目的が明確でないと意欲を保ちにくいことには注意が必要です。
高い,高い,高い,高い,低い,高い,低い,低い,自ら課題を見つけて動き出し、判断から行動までのスピードも速く、周囲との調和を大切にしながら、社交的に人を巻き込んで物事を進めていきます。 計画よりもその場の状況に応じた柔軟さが持ち味ですが、段取りを事前に詰め切れないことがあります。 また、プレッシャーの下でも動じず安定した力を発揮できる点も強みです。 一方で、計画性やリスク管理が手薄になりやすいこと、きっかけや目的が明確でないと意欲を保ちにくいこと、変化や新しいやり方への対応にはやや時間がかかることには注意が必要です。
高い,高い,高い,高い,低い,低い,高い,高い,自ら課題を見つけて動き出し、判断から行動までのスピードも速く、周囲との調和を大切にしながら、社交的に人を巻き込んで物事を進めていきます。 計画よりもその場の状況に応じた柔軟さが持ち味ですが、段取りを事前に詰め切れないことがあります。 また、自ら目標を高く持って意欲的に取り組める、新しいやり方やアイデアも積極的に取り入れられる点も強みです。 一方で、計画性やリスク管理が手薄になりやすいこと、プレッシャーがかかる場面で本来の力を発揮しにくくなりやすいことには注意が必要です。
高い,高い,高い,高い,低い,低い,高い,低い,自ら課題を見つけて動き出し、判断から行動までのスピードも速く、周囲との調和を大切にしながら、社交的に人を巻き込んで物事を進めていきます。 計画よりもその場の状況に応じた柔軟さが持ち味ですが、段取りを事前に詰め切れないことがあります。 また、自ら目標を高く持って意欲的に取り組める点も強みです。 一方で、計画性やリスク管理が手薄になりやすいこと、プレッシャーがかかる場面で本来の力を発揮しにくくなりやすいこと、変化や新しいやり方への対応にはやや時間がかかることには注意が必要です。
高い,高い,高い,高い,低い,低い,低い,高い,自ら課題を見つけて動き出し、判断から行動までのスピードも速く、周囲との調和を大切にしながら、社交的に人を巻き込んで物事を進めていきます。 計画よりもその場の状況に応じた柔軟さが持ち味ですが、段取りを事前に詰め切れないことがあります。 また、新しいやり方やアイデアも積極的に取り入れられる点も強みです。 一方で、計画性やリスク管理が手薄になりやすいこと、プレッシャーがかかる場面で本来の力を発揮しにくくなりやすいこと、きっかけや目的が明確でないと意欲を保ちにくいことには注意が必要です。
高い,高い,高い,高い,低い,低い,低い,低い,自ら課題を見つけて動き出し、判断から行動までのスピードも速く、周囲との調和を大切にしながら、社交的に人を巻き込んで物事を進めていきます。 計画よりもその場の状況に応じた柔軟さが持ち味ですが、段取りを事前に詰め切れないことがあります。 一方で、計画性やリスク管理が手薄になりやすいこと、プレッシャーがかかる場面で本来の力を発揮しにくくなりやすいこと、きっかけや目的が明確でないと意欲を保ちにくいこと、変化や新しいやり方への対応にはやや時間がかかることには注意が必要です。
高い,高い,高い,低い,高い,高い,高い,高い,自ら課題を見つけて動き出し、判断から行動までのスピードも速く、周囲との調和を大切にしますが、前面に出るよりも裏方として静かに支えることを好みます。 計画的に段取りを組み立てるのが得意で、長期的な戦略づくりや着実な実行が求められる役割に向いています。 また、プレッシャーの下でも動じず安定した力を発揮できる、自ら目標を高く持って意欲的に取り組める、新しいやり方やアイデアも積極的に取り入れられる点も強みです。 一方で、自分の考えや成果を周囲に伝える機会が少ないことには注意が必要です。
高い,高い,高い,低い,高い,高い,高い,低い,自ら課題を見つけて動き出し、判断から行動までのスピードも速く、周囲との調和を大切にしますが、前面に出るよりも裏方として静かに支えることを好みます。 計画的に段取りを組み立てるのが得意で、長期的な戦略づくりや着実な実行が求められる役割に向いています。 また、プレッシャーの下でも動じず安定した力を発揮できる、自ら目標を高く持って意欲的に取り組める点も強みです。 一方で、自分の考えや成果を周囲に伝える機会が少ないこと、変化や新しいやり方への対応にはやや時間がかかることには注意が必要です。
高い,高い,高い,低い,高い,高い,低い,高い,自ら課題を見つけて動き出し、判断から行動までのスピードも速く、周囲との調和を大切にしますが、前面に出るよりも裏方として静かに支えることを好みます。 計画的に段取りを組み立てるのが得意で、長期的な戦略づくりや着実な実行が求められる役割に向いています。 また、プレッシャーの下でも動じず安定した力を発揮できる、新しいやり方やアイデアも積極的に取り入れられる点も強みです。 一方で、自分の考えや成果を周囲に伝える機会が少ないこと、きっかけや目的が明確でないと意欲を保ちにくいことには注意が必要です。
高い,高い,高い,低い,高い,高い,低い,低い,自ら課題を見つけて動き出し、判断から行動までのスピードも速く、周囲との調和を大切にしますが、前面に出るよりも裏方として静かに支えることを好みます。 計画的に段取りを組み立てるのが得意で、長期的な戦略づくりや着実な実行が求められる役割に向いています。 また、プレッシャーの下でも動じず安定した力を発揮できる点も強みです。 一方で、自分の考えや成果を周囲に伝える機会が少ないこと、きっかけや目的が明確でないと意欲を保ちにくいこと、変化や新しいやり方への対応にはやや時間がかかることには注意が必要です。
高い,高い,高い,低い,高い,低い,高い,高い,自ら課題を見つけて動き出し、判断から行動までのスピードも速く、周囲との調和を大切にしますが、前面に出るよりも裏方として静かに支えることを好みます。 計画的に段取りを組み立てるのが得意で、長期的な戦略づくりや着実な実行が求められる役割に向いています。 また、自ら目標を高く持って意欲的に取り組める、新しいやり方やアイデアも積極的に取り入れられる点も強みです。 一方で、自分の考えや成果を周囲に伝える機会が少ないこと、プレッシャーがかかる場面で本来の力を発揮しにくくなりやすいことには注意が必要です。
高い,高い,高い,低い,高い,低い,高い,低い,自ら課題を見つけて動き出し、判断から行動までのスピードも速く、周囲との調和を大切にしますが、前面に出るよりも裏方として静かに支えることを好みます。 計画的に段取りを組み立てるのが得意で、長期的な戦略づくりや着実な実行が求められる役割に向いています。 また、自ら目標を高く持って意欲的に取り組める点も強みです。 一方で、自分の考えや成果を周囲に伝える機会が少ないこと、プレッシャーがかかる場面で本来の力を発揮しにくくなりやすいこと、変化や新しいやり方への対応にはやや時間がかかることには注意が必要です。
高い,高い,高い,低い,高い,低い,低い,高い,自ら課題を見つけて動き出し、判断から行動までのスピードも速く、周囲との調和を大切にしますが、前面に出るよりも裏方として静かに支えることを好みます。 計画的に段取りを組み立てるのが得意で、長期的な戦略づくりや着実な実行が求められる役割に向いています。 また、新しいやり方やアイデアも積極的に取り入れられる点も強みです。 一方で、自分の考えや成果を周囲に伝える機会が少ないこと、プレッシャーがかかる場面で本来の力を発揮しにくくなりやすいこと、きっかけや目的が明確でないと意欲を保ちにくいことには注意が必要です。
高い,高い,高い,低い,高い,低い,低い,低い,自ら課題を見つけて動き出し、判断から行動までのスピードも速く、周囲との調和を大切にしますが、前面に出るよりも裏方として静かに支えることを好みます。 計画的に段取りを組み立てるのが得意で、長期的な戦略づくりや着実な実行が求められる役割に向いています。 一方で、自分の考えや成果を周囲に伝える機会が少ないこと、プレッシャーがかかる場面で本来の力を発揮しにくくなりやすいこと、きっかけや目的が明確でないと意欲を保ちにくいこと、変化や新しいやり方への対応にはやや時間がかかることには注意が必要です。
高い,高い,高い,低い,低い,高い,高い,高い,自ら課題を見つけて動き出し、判断から行動までのスピードも速く、周囲との調和を大切にしますが、前面に出るよりも裏方として静かに支えることを好みます。 計画よりもその場の状況に応じた柔軟さが持ち味ですが、段取りを事前に詰め切れないことがあります。 また、プレッシャーの下でも動じず安定した力を発揮できる、自ら目標を高く持って意欲的に取り組める、新しいやり方やアイデアも積極的に取り入れられる点も強みです。 一方で、自分の考えや成果を周囲に伝える機会が少ないこと、計画性やリスク管理が手薄になりやすいことには注意が必要です。
高い,高い,高い,低い,低い,高い,高い,低い,自ら課題を見つけて動き出し、判断から行動までのスピードも速く、周囲との調和を大切にしますが、前面に出るよりも裏方として静かに支えることを好みます。 計画よりもその場の状況に応じた柔軟さが持ち味ですが、段取りを事前に詰め切れないことがあります。 また、プレッシャーの下でも動じず安定した力を発揮できる、自ら目標を高く持って意欲的に取り組める点も強みです。 一方で、自分の考えや成果を周囲に伝える機会が少ないこと、計画性やリスク管理が手薄になりやすいこと、変化や新しいやり方への対応にはやや時間がかかることには注意が必要です。
高い,高い,高い,低い,低い,高い,低い,高い,自ら課題を見つけて動き出し、判断から行動までのスピードも速く、周囲との調和を大切にしますが、前面に出るよりも裏方として静かに支えることを好みます。 計画よりもその場の状況に応じた柔軟さが持ち味ですが、段取りを事前に詰め切れないことがあります。 また、プレッシャーの下でも動じず安定した力を発揮できる、新しいやり方やアイデアも積極的に取り入れられる点も強みです。 一方で、自分の考えや成果を周囲に伝える機会が少ないこと、計画性やリスク管理が手薄になりやすいこと、きっかけや目的が明確でないと意欲を保ちにくいことには注意が必要です。
高い,高い,高い,低い,低い,高い,低い,低い,自ら課題を見つけて動き出し、判断から行動までのスピードも速く、周囲との調和を大切にしますが、前面に出るよりも裏方として静かに支えることを好みます。 計画よりもその場の状況に応じた柔軟さが持ち味ですが、段取りを事前に詰め切れないことがあります。 また、プレッシャーの下でも動じず安定した力を発揮できる点も強みです。 一方で、自分の考えや成果を周囲に伝える機会が少ないこと、計画性やリスク管理が手薄になりやすいこと、きっかけや目的が明確でないと意欲を保ちにくいこと、変化や新しいやり方への対応にはやや時間がかかることには注意が必要です。
高い,高い,高い,低い,低い,低い,高い,高い,自ら課題を見つけて動き出し、判断から行動までのスピードも速く、周囲との調和を大切にしますが、前面に出るよりも裏方として静かに支えることを好みます。 計画よりもその場の状況に応じた柔軟さが持ち味ですが、段取りを事前に詰め切れないことがあります。 また、自ら目標を高く持って意欲的に取り組める、新しいやり方やアイデアも積極的に取り入れられる点も強みです。 一方で、自分の考えや成果を周囲に伝える機会が少ないこと、計画性やリスク管理が手薄になりやすいこと、プレッシャーがかかる場面で本来の力を発揮しにくくなりやすいことには注意が必要です。
高い,高い,高い,低い,低い,低い,高い,低い,自ら課題を見つけて動き出し、判断から行動までのスピードも速く、周囲との調和を大切にしますが、前面に出るよりも裏方として静かに支えることを好みます。 計画よりもその場の状況に応じた柔軟さが持ち味ですが、段取りを事前に詰め切れないことがあります。 また、自ら目標を高く持って意欲的に取り組める点も強みです。 一方で、自分の考えや成果を周囲に伝える機会が少ないこと、計画性やリスク管理が手薄になりやすいこと、プレッシャーがかかる場面で本来の力を発揮しにくくなりやすいこと、変化や新しいやり方への対応にはやや時間がかかることには注意が必要です。
高い,高い,高い,低い,低い,低い,低い,高い,自ら課題を見つけて動き出し、判断から行動までのスピードも速く、周囲との調和を大切にしますが、前面に出るよりも裏方として静かに支えることを好みます。 計画よりもその場の状況に応じた柔軟さが持ち味ですが、段取りを事前に詰め切れないことがあります。 また、新しいやり方やアイデアも積極的に取り入れられる点も強みです。 一方で、自分の考えや成果を周囲に伝える機会が少ないこと、計画性やリスク管理が手薄になりやすいこと、プレッシャーがかかる場面で本来の力を発揮しにくくなりやすいこと、きっかけや目的が明確でないと意欲を保ちにくいことには注意が必要です。
高い,高い,高い,低い,低い,低い,低い,低い,自ら課題を見つけて動き出し、判断から行動までのスピードも速く、周囲との調和を大切にしますが、前面に出るよりも裏方として静かに支えることを好みます。 計画よりもその場の状況に応じた柔軟さが持ち味ですが、段取りを事前に詰め切れないことがあります。 一方で、自分の考えや成果を周囲に伝える機会が少ないこと、計画性やリスク管理が手薄になりやすいこと、プレッシャーがかかる場面で本来の力を発揮しにくくなりやすいこと、きっかけや目的が明確でないと意欲を保ちにくいこと、変化や新しいやり方への対応にはやや時間がかかることには注意が必要です。
高い,高い,低い,高い,高い,高い,高い,高い,自ら課題を見つけて動き出し、判断から行動までのスピードも速く、自分の考えを大切にする独立志向を持ちながら、社交的に自分の考えを発信していきます。 計画的に段取りを組み立てるのが得意で、長期的な戦略づくりや着実な実行が求められる役割に向いています。 また、プレッシャーの下でも動じず安定した力を発揮できる、自ら目標を高く持って意欲的に取り組める、新しいやり方やアイデアも積極的に取り入れられる点も強みです。 一方で、周囲との連携が後回しになり孤立しやすいことには注意が必要です。
高い,高い,低い,高い,高い,高い,高い,低い,自ら課題を見つけて動き出し、判断から行動までのスピードも速く、自分の考えを大切にする独立志向を持ちながら、社交的に自分の考えを発信していきます。 計画的に段取りを組み立てるのが得意で、長期的な戦略づくりや着実な実行が求められる役割に向いています。 また、プレッシャーの下でも動じず安定した力を発揮できる、自ら目標を高く持って意欲的に取り組める点も強みです。 一方で、周囲との連携が後回しになり孤立しやすいこと、変化や新しいやり方への対応にはやや時間がかかることには注意が必要です。
高い,高い,低い,高い,高い,高い,低い,高い,自ら課題を見つけて動き出し、判断から行動までのスピードも速く、自分の考えを大切にする独立志向を持ちながら、社交的に自分の考えを発信していきます。 計画的に段取りを組み立てるのが得意で、長期的な戦略づくりや着実な実行が求められる役割に向いています。 また、プレッシャーの下でも動じず安定した力を発揮できる、新しいやり方やアイデアも積極的に取り入れられる点も強みです。 一方で、周囲との連携が後回しになり孤立しやすいこと、きっかけや目的が明確でないと意欲を保ちにくいことには注意が必要です。
高い,高い,低い,高い,高い,高い,低い,低い,自ら課題を見つけて動き出し、判断から行動までのスピードも速く、自分の考えを大切にする独立志向を持ちながら、社交的に自分の考えを発信していきます。 計画的に段取りを組み立てるのが得意で、長期的な戦略づくりや着実な実行が求められる役割に向いています。 また、プレッシャーの下でも動じず安定した力を発揮できる点も強みです。 一方で、周囲との連携が後回しになり孤立しやすいこと、きっかけや目的が明確でないと意欲を保ちにくいこと、変化や新しいやり方への対応にはやや時間がかかることには注意が必要です。
高い,高い,低い,高い,高い,低い,高い,高い,自ら課題を見つけて動き出し、判断から行動までのスピードも速く、自分の考えを大切にする独立志向を持ちながら、社交的に自分の考えを発信していきます。 計画的に段取りを組み立てるのが得意で、長期的な戦略づくりや着実な実行が求められる役割に向いています。 また、自ら目標を高く持って意欲的に取り組める、新しいやり方やアイデアも積極的に取り入れられる点も強みです。 一方で、周囲との連携が後回しになり孤立しやすいこと、プレッシャーがかかる場面で本来の力を発揮しにくくなりやすいことには注意が必要です。
高い,高い,低い,高い,高い,低い,高い,低い,自ら課題を見つけて動き出し、判断から行動までのスピードも速く、自分の考えを大切にする独立志向を持ちながら、社交的に自分の考えを発信していきます。 計画的に段取りを組み立てるのが得意で、長期的な戦略づくりや着実な実行が求められる役割に向いています。 また、自ら目標を高く持って意欲的に取り組める点も強みです。 一方で、周囲との連携が後回しになり孤立しやすいこと、プレッシャーがかかる場面で本来の力を発揮しにくくなりやすいこと、変化や新しいやり方への対応にはやや時間がかかることには注意が必要です。
高い,高い,低い,高い,高い,低い,低い,高い,自ら課題を見つけて動き出し、判断から行動までのスピードも速く、自分の考えを大切にする独立志向を持ちながら、社交的に自分の考えを発信していきます。 計画的に段取りを組み立てるのが得意で、長期的な戦略づくりや着実な実行が求められる役割に向いています。 また、新しいやり方やアイデアも積極的に取り入れられる点も強みです。 一方で、周囲との連携が後回しになり孤立しやすいこと、プレッシャーがかかる場面で本来の力を発揮しにくくなりやすいこと、きっかけや目的が明確でないと意欲を保ちにくいことには注意が必要です。
高い,高い,低い,高い,高い,低い,低い,低い,自ら課題を見つけて動き出し、判断から行動までのスピードも速く、自分の考えを大切にする独立志向を持ちながら、社交的に自分の考えを発信していきます。 計画的に段取りを組み立てるのが得意で、長期的な戦略づくりや着実な実行が求められる役割に向いています。 一方で、周囲との連携が後回しになり孤立しやすいこと、プレッシャーがかかる場面で本来の力を発揮しにくくなりやすいこと、きっかけや目的が明確でないと意欲を保ちにくいこと、変化や新しいやり方への対応にはやや時間がかかることには注意が必要です。
高い,高い,低い,高い,低い,高い,高い,高い,自ら課題を見つけて動き出し、判断から行動までのスピードも速く、自分の考えを大切にする独立志向を持ちながら、社交的に自分の考えを発信していきます。 計画よりもその場の状況に応じた柔軟さが持ち味ですが、段取りを事前に詰め切れないことがあります。 また、プレッシャーの下でも動じず安定した力を発揮できる、自ら目標を高く持って意欲的に取り組める、新しいやり方やアイデアも積極的に取り入れられる点も強みです。 一方で、周囲との連携が後回しになり孤立しやすいこと、計画性やリスク管理が手薄になりやすいことには注意が必要です。
高い,高い,低い,高い,低い,高い,高い,低い,自ら課題を見つけて動き出し、判断から行動までのスピードも速く、自分の考えを大切にする独立志向を持ちながら、社交的に自分の考えを発信していきます。 計画よりもその場の状況に応じた柔軟さが持ち味ですが、段取りを事前に詰め切れないことがあります。 また、プレッシャーの下でも動じず安定した力を発揮できる、自ら目標を高く持って意欲的に取り組める点も強みです。 一方で、周囲との連携が後回しになり孤立しやすいこと、計画性やリスク管理が手薄になりやすいこと、変化や新しいやり方への対応にはやや時間がかかることには注意が必要です。
高い,高い,低い,高い,低い,高い,低い,高い,自ら課題を見つけて動き出し、判断から行動までのスピードも速く、自分の考えを大切にする独立志向を持ちながら、社交的に自分の考えを発信していきます。 計画よりもその場の状況に応じた柔軟さが持ち味ですが、段取りを事前に詰め切れないことがあります。 また、プレッシャーの下でも動じず安定した力を発揮できる、新しいやり方やアイデアも積極的に取り入れられる点も強みです。 一方で、周囲との連携が後回しになり孤立しやすいこと、計画性やリスク管理が手薄になりやすいこと、きっかけや目的が明確でないと意欲を保ちにくいことには注意が必要です。
高い,高い,低い,高い,低い,高い,低い,低い,自ら課題を見つけて動き出し、判断から行動までのスピードも速く、自分の考えを大切にする独立志向を持ちながら、社交的に自分の考えを発信していきます。 計画よりもその場の状況に応じた柔軟さが持ち味ですが、段取りを事前に詰め切れないことがあります。 また、プレッシャーの下でも動じず安定した力を発揮できる点も強みです。 一方で、周囲との連携が後回しになり孤立しやすいこと、計画性やリスク管理が手薄になりやすいこと、きっかけや目的が明確でないと意欲を保ちにくいこと、変化や新しいやり方への対応にはやや時間がかかることには注意が必要です。
高い,高い,低い,高い,低い,低い,高い,高い,自ら課題を見つけて動き出し、判断から行動までのスピードも速く、自分の考えを大切にする独立志向を持ちながら、社交的に自分の考えを発信していきます。 計画よりもその場の状況に応じた柔軟さが持ち味ですが、段取りを事前に詰め切れないことがあります。 また、自ら目標を高く持って意欲的に取り組める、新しいやり方やアイデアも積極的に取り入れられる点も強みです。 一方で、周囲との連携が後回しになり孤立しやすいこと、計画性やリスク管理が手薄になりやすいこと、プレッシャーがかかる場面で本来の力を発揮しにくくなりやすいことには注意が必要です。
高い,高い,低い,高い,低い,低い,高い,低い,自ら課題を見つけて動き出し、判断から行動までのスピードも速く、自分の考えを大切にする独立志向を持ちながら、社交的に自分の考えを発信していきます。 計画よりもその場の状況に応じた柔軟さが持ち味ですが、段取りを事前に詰め切れないことがあります。 また、自ら目標を高く持って意欲的に取り組める点も強みです。 一方で、周囲との連携が後回しになり孤立しやすいこと、計画性やリスク管理が手薄になりやすいこと、プレッシャーがかかる場面で本来の力を発揮しにくくなりやすいこと、変化や新しいやり方への対応にはやや時間がかかることには注意が必要です。
高い,高い,低い,高い,低い,低い,低い,高い,自ら課題を見つけて動き出し、判断から行動までのスピードも速く、自分の考えを大切にする独立志向を持ちながら、社交的に自分の考えを発信していきます。 計画よりもその場の状況に応じた柔軟さが持ち味ですが、段取りを事前に詰め切れないことがあります。 また、新しいやり方やアイデアも積極的に取り入れられる点も強みです。 一方で、周囲との連携が後回しになり孤立しやすいこと、計画性やリスク管理が手薄になりやすいこと、プレッシャーがかかる場面で本来の力を発揮しにくくなりやすいこと、きっかけや目的が明確でないと意欲を保ちにくいことには注意が必要です。
高い,高い,低い,高い,低い,低い,低い,低い,自ら課題を見つけて動き出し、判断から行動までのスピードも速く、自分の考えを大切にする独立志向を持ちながら、社交的に自分の考えを発信していきます。 計画よりもその場の状況に応じた柔軟さが持ち味ですが、段取りを事前に詰め切れないことがあります。 一方で、周囲との連携が後回しになり孤立しやすいこと、計画性やリスク管理が手薄になりやすいこと、プレッシャーがかかる場面で本来の力を発揮しにくくなりやすいこと、きっかけや目的が明確でないと意欲を保ちにくいこと、変化や新しいやり方への対応にはやや時間がかかることには注意が必要です。
高い,高い,低い,低い,高い,高い,高い,高い,自ら課題を見つけて動き出し、判断から行動までのスピードも速く、周囲との調整よりも自分のペースを優先し、一人で抱え込みやすい面もあります。 計画的に段取りを組み立てるのが得意で、長期的な戦略づくりや着実な実行が求められる役割に向いています。 また、プレッシャーの下でも動じず安定した力を発揮できる、自ら目標を高く持って意欲的に取り組める、新しいやり方やアイデアも積極的に取り入れられる点も強みです。 一方で、周囲との連携が後回しになり孤立しやすいこと、自分の考えや成果を周囲に伝える機会が少ないことには注意が必要です。
高い,高い,低い,低い,高い,高い,高い,低い,自ら課題を見つけて動き出し、判断から行動までのスピードも速く、周囲との調整よりも自分のペースを優先し、一人で抱え込みやすい面もあります。 計画的に段取りを組み立てるのが得意で、長期的な戦略づくりや着実な実行が求められる役割に向いています。 また、プレッシャーの下でも動じず安定した力を発揮できる、自ら目標を高く持って意欲的に取り組める点も強みです。 一方で、周囲との連携が後回しになり孤立しやすいこと、自分の考えや成果を周囲に伝える機会が少ないこと、変化や新しいやり方への対応にはやや時間がかかることには注意が必要です。
高い,高い,低い,低い,高い,高い,低い,高い,自ら課題を見つけて動き出し、判断から行動までのスピードも速く、周囲との調整よりも自分のペースを優先し、一人で抱え込みやすい面もあります。 計画的に段取りを組み立てるのが得意で、長期的な戦略づくりや着実な実行が求められる役割に向いています。 また、プレッシャーの下でも動じず安定した力を発揮できる、新しいやり方やアイデアも積極的に取り入れられる点も強みです。 一方で、周囲との連携が後回しになり孤立しやすいこと、自分の考えや成果を周囲に伝える機会が少ないこと、きっかけや目的が明確でないと意欲を保ちにくいことには注意が必要です。
高い,高い,低い,低い,高い,高い,低い,低い,自ら課題を見つけて動き出し、判断から行動までのスピードも速く、周囲との調整よりも自分のペースを優先し、一人で抱え込みやすい面もあります。 計画的に段取りを組み立てるのが得意で、長期的な戦略づくりや着実な実行が求められる役割に向いています。 また、プレッシャーの下でも動じず安定した力を発揮できる点も強みです。 一方で、周囲との連携が後回しになり孤立しやすいこと、自分の考えや成果を周囲に伝える機会が少ないこと、きっかけや目的が明確でないと意欲を保ちにくいこと、変化や新しいやり方への対応にはやや時間がかかることには注意が必要です。
高い,高い,低い,低い,高い,低い,高い,高い,自ら課題を見つけて動き出し、判断から行動までのスピードも速く、周囲との調整よりも自分のペースを優先し、一人で抱え込みやすい面もあります。 計画的に段取りを組み立てるのが得意で、長期的な戦略づくりや着実な実行が求められる役割に向いています。 また、自ら目標を高く持って意欲的に取り組める、新しいやり方やアイデアも積極的に取り入れられる点も強みです。 一方で、周囲との連携が後回しになり孤立しやすいこと、自分の考えや成果を周囲に伝える機会が少ないこと、プレッシャーがかかる場面で本来の力を発揮しにくくなりやすいことには注意が必要です。
高い,高い,低い,低い,高い,低い,高い,低い,自ら課題を見つけて動き出し、判断から行動までのスピードも速く、周囲との調整よりも自分のペースを優先し、一人で抱え込みやすい面もあります。 計画的に段取りを組み立てるのが得意で、長期的な戦略づくりや着実な実行が求められる役割に向いています。 また、自ら目標を高く持って意欲的に取り組める点も強みです。 一方で、周囲との連携が後回しになり孤立しやすいこと、自分の考えや成果を周囲に伝える機会が少ないこと、プレッシャーがかかる場面で本来の力を発揮しにくくなりやすいこと、変化や新しいやり方への対応にはやや時間がかかることには注意が必要です。
高い,高い,低い,低い,高い,低い,低い,高い,自ら課題を見つけて動き出し、判断から行動までのスピードも速く、周囲との調整よりも自分のペースを優先し、一人で抱え込みやすい面もあります。 計画的に段取りを組み立てるのが得意で、長期的な戦略づくりや着実な実行が求められる役割に向いています。 また、新しいやり方やアイデアも積極的に取り入れられる点も強みです。 一方で、周囲との連携が後回しになり孤立しやすいこと、自分の考えや成果を周囲に伝える機会が少ないこと、プレッシャーがかかる場面で本来の力を発揮しにくくなりやすいこと、きっかけや目的が明確でないと意欲を保ちにくいことには注意が必要です。
高い,高い,低い,低い,高い,低い,低い,低い,自ら課題を見つけて動き出し、判断から行動までのスピードも速く、周囲との調整よりも自分のペースを優先し、一人で抱え込みやすい面もあります。 計画的に段取りを組み立てるのが得意で、長期的な戦略づくりや着実な実行が求められる役割に向いています。 一方で、周囲との連携が後回しになり孤立しやすいこと、自分の考えや成果を周囲に伝える機会が少ないこと、プレッシャーがかかる場面で本来の力を発揮しにくくなりやすいこと、きっかけや目的が明確でないと意欲を保ちにくいこと、変化や新しいやり方への対応にはやや時間がかかることには注意が必要です。
高い,高い,低い,低い,低い,高い,高い,高い,自ら課題を見つけて動き出し、判断から行動までのスピードも速く、周囲との調整よりも自分のペースを優先し、一人で抱え込みやすい面もあります。 計画よりもその場の状況に応じた柔軟さが持ち味ですが、段取りを事前に詰め切れないことがあります。 また、プレッシャーの下でも動じず安定した力を発揮できる、自ら目標を高く持って意欲的に取り組める、新しいやり方やアイデアも積極的に取り入れられる点も強みです。 一方で、周囲との連携が後回しになり孤立しやすいこと、自分の考えや成果を周囲に伝える機会が少ないこと、計画性やリスク管理が手薄になりやすいことには注意が必要です。
高い,高い,低い,低い,低い,高い,高い,低い,自ら課題を見つけて動き出し、判断から行動までのスピードも速く、周囲との調整よりも自分のペースを優先し、一人で抱え込みやすい面もあります。 計画よりもその場の状況に応じた柔軟さが持ち味ですが、段取りを事前に詰め切れないことがあります。 また、プレッシャーの下でも動じず安定した力を発揮できる、自ら目標を高く持って意欲的に取り組める点も強みです。 一方で、周囲との連携が後回しになり孤立しやすいこと、自分の考えや成果を周囲に伝える機会が少ないこと、計画性やリスク管理が手薄になりやすいこと、変化や新しいやり方への対応にはやや時間がかかることには注意が必要です。
高い,高い,低い,低い,低い,高い,低い,高い,自ら課題を見つけて動き出し、判断から行動までのスピードも速く、周囲との調整よりも自分のペースを優先し、一人で抱え込みやすい面もあります。 計画よりもその場の状況に応じた柔軟さが持ち味ですが、段取りを事前に詰め切れないことがあります。 また、プレッシャーの下でも動じず安定した力を発揮できる、新しいやり方やアイデアも積極的に取り入れられる点も強みです。 一方で、周囲との連携が後回しになり孤立しやすいこと、自分の考えや成果を周囲に伝える機会が少ないこと、計画性やリスク管理が手薄になりやすいこと、きっかけや目的が明確でないと意欲を保ちにくいことには注意が必要です。
高い,高い,低い,低い,低い,高い,低い,低い,自ら課題を見つけて動き出し、判断から行動までのスピードも速く、周囲との調整よりも自分のペースを優先し、一人で抱え込みやすい面もあります。 計画よりもその場の状況に応じた柔軟さが持ち味ですが、段取りを事前に詰め切れないことがあります。 また、プレッシャーの下でも動じず安定した力を発揮できる点も強みです。 一方で、周囲との連携が後回しになり孤立しやすいこと、自分の考えや成果を周囲に伝える機会が少ないこと、計画性やリスク管理が手薄になりやすいこと、きっかけや目的が明確でないと意欲を保ちにくいこと、変化や新しいやり方への対応にはやや時間がかかることには注意が必要です。
高い,高い,低い,低い,低い,低い,高い,高い,自ら課題を見つけて動き出し、判断から行動までのスピードも速く、周囲との調整よりも自分のペースを優先し、一人で抱え込みやすい面もあります。 計画よりもその場の状況に応じた柔軟さが持ち味ですが、段取りを事前に詰め切れないことがあります。 また、自ら目標を高く持って意欲的に取り組める、新しいやり方やアイデアも積極的に取り入れられる点も強みです。 一方で、周囲との連携が後回しになり孤立しやすいこと、自分の考えや成果を周囲に伝える機会が少ないこと、計画性やリスク管理が手薄になりやすいこと、プレッシャーがかかる場面で本来の力を発揮しにくくなりやすいことには注意が必要です。
高い,高い,低い,低い,低い,低い,高い,低い,自ら課題を見つけて動き出し、判断から行動までのスピードも速く、周囲との調整よりも自分のペースを優先し、一人で抱え込みやすい面もあります。 計画よりもその場の状況に応じた柔軟さが持ち味ですが、段取りを事前に詰め切れないことがあります。 また、自ら目標を高く持って意欲的に取り組める点も強みです。 一方で、周囲との連携が後回しになり孤立しやすいこと、自分の考えや成果を周囲に伝える機会が少ないこと、計画性やリスク管理が手薄になりやすいこと、プレッシャーがかかる場面で本来の力を発揮しにくくなりやすいこと、変化や新しいやり方への対応にはやや時間がかかることには注意が必要です。
高い,高い,低い,低い,低い,低い,低い,高い,自ら課題を見つけて動き出し、判断から行動までのスピードも速く、周囲との調整よりも自分のペースを優先し、一人で抱え込みやすい面もあります。 計画よりもその場の状況に応じた柔軟さが持ち味ですが、段取りを事前に詰め切れないことがあります。 また、新しいやり方やアイデアも積極的に取り入れられる点も強みです。 一方で、周囲との連携が後回しになり孤立しやすいこと、自分の考えや成果を周囲に伝える機会が少ないこと、計画性やリスク管理が手薄になりやすいこと、プレッシャーがかかる場面で本来の力を発揮しにくくなりやすいこと、きっかけや目的が明確でないと意欲を保ちにくいことには注意が必要です。
高い,高い,低い,低い,低い,低い,低い,低い,自ら課題を見つけて動き出し、判断から行動までのスピードも速く、周囲との調整よりも自分のペースを優先し、一人で抱え込みやすい面もあります。 計画よりもその場の状況に応じた柔軟さが持ち味ですが、段取りを事前に詰め切れないことがあります。 一方で、周囲との連携が後回しになり孤立しやすいこと、自分の考えや成果を周囲に伝える機会が少ないこと、計画性やリスク管理が手薄になりやすいこと、プレッシャーがかかる場面で本来の力を発揮しにくくなりやすいこと、きっかけや目的が明確でないと意欲を保ちにくいこと、変化や新しいやり方への対応にはやや時間がかかることには注意が必要です。
高い,低い,高い,高い,高い,高い,高い,高い,自ら課題を見つけて動きますが、リスクや状況をしっかり見極めてから動く慎重なタイプで、周囲との調和を大切にしながら、社交的に人を巻き込んで物事を進めていきます。 計画的に段取りを組み立てるのが得意で、長期的な戦略づくりや着実な実行が求められる役割に向いています。 また、プレッシャーの下でも動じず安定した力を発揮できる、自ら目標を高く持って意欲的に取り組める、新しいやり方やアイデアも積極的に取り入れられる点も強みです。 一方で、スピードが求められる場面で出遅れやすいことには注意が必要です。
高い,低い,高い,高い,高い,高い,高い,低い,自ら課題を見つけて動きますが、リスクや状況をしっかり見極めてから動く慎重なタイプで、周囲との調和を大切にしながら、社交的に人を巻き込んで物事を進めていきます。 計画的に段取りを組み立てるのが得意で、長期的な戦略づくりや着実な実行が求められる役割に向いています。 また、プレッシャーの下でも動じず安定した力を発揮できる、自ら目標を高く持って意欲的に取り組める点も強みです。 一方で、スピードが求められる場面で出遅れやすいこと、変化や新しいやり方への対応にはやや時間がかかることには注意が必要です。
高い,低い,高い,高い,高い,高い,低い,高い,自ら課題を見つけて動きますが、リスクや状況をしっかり見極めてから動く慎重なタイプで、周囲との調和を大切にしながら、社交的に人を巻き込んで物事を進めていきます。 計画的に段取りを組み立てるのが得意で、長期的な戦略づくりや着実な実行が求められる役割に向いています。 また、プレッシャーの下でも動じず安定した力を発揮できる、新しいやり方やアイデアも積極的に取り入れられる点も強みです。 一方で、スピードが求められる場面で出遅れやすいこと、きっかけや目的が明確でないと意欲を保ちにくいことには注意が必要です。
高い,低い,高い,高い,高い,高い,低い,低い,自ら課題を見つけて動きますが、リスクや状況をしっかり見極めてから動く慎重なタイプで、周囲との調和を大切にしながら、社交的に人を巻き込んで物事を進めていきます。 計画的に段取りを組み立てるのが得意で、長期的な戦略づくりや着実な実行が求められる役割に向いています。 また、プレッシャーの下でも動じず安定した力を発揮できる点も強みです。 一方で、スピードが求められる場面で出遅れやすいこと、きっかけや目的が明確でないと意欲を保ちにくいこと、変化や新しいやり方への対応にはやや時間がかかることには注意が必要です。
高い,低い,高い,高い,高い,低い,高い,高い,自ら課題を見つけて動きますが、リスクや状況をしっかり見極めてから動く慎重なタイプで、周囲との調和を大切にしながら、社交的に人を巻き込んで物事を進めていきます。 計画的に段取りを組み立てるのが得意で、長期的な戦略づくりや着実な実行が求められる役割に向いています。 また、自ら目標を高く持って意欲的に取り組める、新しいやり方やアイデアも積極的に取り入れられる点も強みです。 一方で、スピードが求められる場面で出遅れやすいこと、プレッシャーがかかる場面で本来の力を発揮しにくくなりやすいことには注意が必要です。
高い,低い,高い,高い,高い,低い,高い,低い,自ら課題を見つけて動きますが、リスクや状況をしっかり見極めてから動く慎重なタイプで、周囲との調和を大切にしながら、社交的に人を巻き込んで物事を進めていきます。 計画的に段取りを組み立てるのが得意で、長期的な戦略づくりや着実な実行が求められる役割に向いています。 また、自ら目標を高く持って意欲的に取り組める点も強みです。 一方で、スピードが求められる場面で出遅れやすいこと、プレッシャーがかかる場面で本来の力を発揮しにくくなりやすいこと、変化や新しいやり方への対応にはやや時間がかかることには注意が必要です。
高い,低い,高い,高い,高い,低い,低い,高い,自ら課題を見つけて動きますが、リスクや状況をしっかり見極めてから動く慎重なタイプで、周囲との調和を大切にしながら、社交的に人を巻き込んで物事を進めていきます。 計画的に段取りを組み立てるのが得意で、長期的な戦略づくりや着実な実行が求められる役割に向いています。 また、新しいやり方やアイデアも積極的に取り入れられる点も強みです。 一方で、スピードが求められる場面で出遅れやすいこと、プレッシャーがかかる場面で本来の力を発揮しにくくなりやすいこと、きっかけや目的が明確でないと意欲を保ちにくいことには注意が必要です。
高い,低い,高い,高い,高い,低い,低い,低い,自ら課題を見つけて動きますが、リスクや状況をしっかり見極めてから動く慎重なタイプで、周囲との調和を大切にしながら、社交的に人を巻き込んで物事を進めていきます。 計画的に段取りを組み立てるのが得意で、長期的な戦略づくりや着実な実行が求められる役割に向いています。 一方で、スピードが求められる場面で出遅れやすいこと、プレッシャーがかかる場面で本来の力を発揮しにくくなりやすいこと、きっかけや目的が明確でないと意欲を保ちにくいこと、変化や新しいやり方への対応にはやや時間がかかることには注意が必要です。
高い,低い,高い,高い,低い,高い,高い,高い,自ら課題を見つけて動きますが、リスクや状況をしっかり見極めてから動く慎重なタイプで、周囲との調和を大切にしながら、社交的に人を巻き込んで物事を進めていきます。 計画よりもその場の状況に応じた柔軟さが持ち味ですが、段取りを事前に詰め切れないことがあります。 また、プレッシャーの下でも動じず安定した力を発揮できる、自ら目標を高く持って意欲的に取り組める、新しいやり方やアイデアも積極的に取り入れられる点も強みです。 一方で、スピードが求められる場面で出遅れやすいこと、計画性やリスク管理が手薄になりやすいことには注意が必要です。
高い,低い,高い,高い,低い,高い,高い,低い,自ら課題を見つけて動きますが、リスクや状況をしっかり見極めてから動く慎重なタイプで、周囲との調和を大切にしながら、社交的に人を巻き込んで物事を進めていきます。 計画よりもその場の状況に応じた柔軟さが持ち味ですが、段取りを事前に詰め切れないことがあります。 また、プレッシャーの下でも動じず安定した力を発揮できる、自ら目標を高く持って意欲的に取り組める点も強みです。 一方で、スピードが求められる場面で出遅れやすいこと、計画性やリスク管理が手薄になりやすいこと、変化や新しいやり方への対応にはやや時間がかかることには注意が必要です。
高い,低い,高い,高い,低い,高い,低い,高い,自ら課題を見つけて動きますが、リスクや状況をしっかり見極めてから動く慎重なタイプで、周囲との調和を大切にしながら、社交的に人を巻き込んで物事を進めていきます。 計画よりもその場の状況に応じた柔軟さが持ち味ですが、段取りを事前に詰め切れないことがあります。 また、プレッシャーの下でも動じず安定した力を発揮できる、新しいやり方やアイデアも積極的に取り入れられる点も強みです。 一方で、スピードが求められる場面で出遅れやすいこと、計画性やリスク管理が手薄になりやすいこと、きっかけや目的が明確でないと意欲を保ちにくいことには注意が必要です。
高い,低い,高い,高い,低い,高い,低い,低い,自ら課題を見つけて動きますが、リスクや状況をしっかり見極めてから動く慎重なタイプで、周囲との調和を大切にしながら、社交的に人を巻き込んで物事を進めていきます。 計画よりもその場の状況に応じた柔軟さが持ち味ですが、段取りを事前に詰め切れないことがあります。 また、プレッシャーの下でも動じず安定した力を発揮できる点も強みです。 一方で、スピードが求められる場面で出遅れやすいこと、計画性やリスク管理が手薄になりやすいこと、きっかけや目的が明確でないと意欲を保ちにくいこと、変化や新しいやり方への対応にはやや時間がかかることには注意が必要です。
高い,低い,高い,高い,低い,低い,高い,高い,自ら課題を見つけて動きますが、リスクや状況をしっかり見極めてから動く慎重なタイプで、周囲との調和を大切にしながら、社交的に人を巻き込んで物事を進めていきます。 計画よりもその場の状況に応じた柔軟さが持ち味ですが、段取りを事前に詰め切れないことがあります。 また、自ら目標を高く持って意欲的に取り組める、新しいやり方やアイデアも積極的に取り入れられる点も強みです。 一方で、スピードが求められる場面で出遅れやすいこと、計画性やリスク管理が手薄になりやすいこと、プレッシャーがかかる場面で本来の力を発揮しにくくなりやすいことには注意が必要です。
高い,低い,高い,高い,低い,低い,高い,低い,自ら課題を見つけて動きますが、リスクや状況をしっかり見極めてから動く慎重なタイプで、周囲との調和を大切にしながら、社交的に人を巻き込んで物事を進めていきます。 計画よりもその場の状況に応じた柔軟さが持ち味ですが、段取りを事前に詰め切れないことがあります。 また、自ら目標を高く持って意欲的に取り組める点も強みです。 一方で、スピードが求められる場面で出遅れやすいこと、計画性やリスク管理が手薄になりやすいこと、プレッシャーがかかる場面で本来の力を発揮しにくくなりやすいこと、変化や新しいやり方への対応にはやや時間がかかることには注意が必要です。
高い,低い,高い,高い,低い,低い,低い,高い,自ら課題を見つけて動きますが、リスクや状況をしっかり見極めてから動く慎重なタイプで、周囲との調和を大切にしながら、社交的に人を巻き込んで物事を進めていきます。 計画よりもその場の状況に応じた柔軟さが持ち味ですが、段取りを事前に詰め切れないことがあります。 また、新しいやり方やアイデアも積極的に取り入れられる点も強みです。 一方で、スピードが求められる場面で出遅れやすいこと、計画性やリスク管理が手薄になりやすいこと、プレッシャーがかかる場面で本来の力を発揮しにくくなりやすいこと、きっかけや目的が明確でないと意欲を保ちにくいことには注意が必要です。
高い,低い,高い,高い,低い,低い,低い,低い,自ら課題を見つけて動きますが、リスクや状況をしっかり見極めてから動く慎重なタイプで、周囲との調和を大切にしながら、社交的に人を巻き込んで物事を進めていきます。 計画よりもその場の状況に応じた柔軟さが持ち味ですが、段取りを事前に詰め切れないことがあります。 一方で、スピードが求められる場面で出遅れやすいこと、計画性やリスク管理が手薄になりやすいこと、プレッシャーがかかる場面で本来の力を発揮しにくくなりやすいこと、きっかけや目的が明確でないと意欲を保ちにくいこと、変化や新しいやり方への対応にはやや時間がかかることには注意が必要です。
高い,低い,高い,低い,高い,高い,高い,高い,自ら課題を見つけて動きますが、リスクや状況をしっかり見極めてから動く慎重なタイプで、周囲との調和を大切にしますが、前面に出るよりも裏方として静かに支えることを好みます。 計画的に段取りを組み立てるのが得意で、長期的な戦略づくりや着実な実行が求められる役割に向いています。 また、プレッシャーの下でも動じず安定した力を発揮できる、自ら目標を高く持って意欲的に取り組める、新しいやり方やアイデアも積極的に取り入れられる点も強みです。 一方で、スピードが求められる場面で出遅れやすいこと、自分の考えや成果を周囲に伝える機会が少ないことには注意が必要です。
高い,低い,高い,低い,高い,高い,高い,低い,自ら課題を見つけて動きますが、リスクや状況をしっかり見極めてから動く慎重なタイプで、周囲との調和を大切にしますが、前面に出るよりも裏方として静かに支えることを好みます。 計画的に段取りを組み立てるのが得意で、長期的な戦略づくりや着実な実行が求められる役割に向いています。 また、プレッシャーの下でも動じず安定した力を発揮できる、自ら目標を高く持って意欲的に取り組める点も強みです。 一方で、スピードが求められる場面で出遅れやすいこと、自分の考えや成果を周囲に伝える機会が少ないこと、変化や新しいやり方への対応にはやや時間がかかることには注意が必要です。
高い,低い,高い,低い,高い,高い,低い,高い,自ら課題を見つけて動きますが、リスクや状況をしっかり見極めてから動く慎重なタイプで、周囲との調和を大切にしますが、前面に出るよりも裏方として静かに支えることを好みます。 計画的に段取りを組み立てるのが得意で、長期的な戦略づくりや着実な実行が求められる役割に向いています。 また、プレッシャーの下でも動じず安定した力を発揮できる、新しいやり方やアイデアも積極的に取り入れられる点も強みです。 一方で、スピードが求められる場面で出遅れやすいこと、自分の考えや成果を周囲に伝える機会が少ないこと、きっかけや目的が明確でないと意欲を保ちにくいことには注意が必要です。
高い,低い,高い,低い,高い,高い,低い,低い,自ら課題を見つけて動きますが、リスクや状況をしっかり見極めてから動く慎重なタイプで、周囲との調和を大切にしますが、前面に出るよりも裏方として静かに支えることを好みます。 計画的に段取りを組み立てるのが得意で、長期的な戦略づくりや着実な実行が求められる役割に向いています。 また、プレッシャーの下でも動じず安定した力を発揮できる点も強みです。 一方で、スピードが求められる場面で出遅れやすいこと、自分の考えや成果を周囲に伝える機会が少ないこと、きっかけや目的が明確でないと意欲を保ちにくいこと、変化や新しいやり方への対応にはやや時間がかかることには注意が必要です。
高い,低い,高い,低い,高い,低い,高い,高い,自ら課題を見つけて動きますが、リスクや状況をしっかり見極めてから動く慎重なタイプで、周囲との調和を大切にしますが、前面に出るよりも裏方として静かに支えることを好みます。 計画的に段取りを組み立てるのが得意で、長期的な戦略づくりや着実な実行が求められる役割に向いています。 また、自ら目標を高く持って意欲的に取り組める、新しいやり方やアイデアも積極的に取り入れられる点も強みです。 一方で、スピードが求められる場面で出遅れやすいこと、自分の考えや成果を周囲に伝える機会が少ないこと、プレッシャーがかかる場面で本来の力を発揮しにくくなりやすいことには注意が必要です。
高い,低い,高い,低い,高い,低い,高い,低い,自ら課題を見つけて動きますが、リスクや状況をしっかり見極めてから動く慎重なタイプで、周囲との調和を大切にしますが、前面に出るよりも裏方として静かに支えることを好みます。 計画的に段取りを組み立てるのが得意で、長期的な戦略づくりや着実な実行が求められる役割に向いています。 また、自ら目標を高く持って意欲的に取り組める点も強みです。 一方で、スピードが求められる場面で出遅れやすいこと、自分の考えや成果を周囲に伝える機会が少ないこと、プレッシャーがかかる場面で本来の力を発揮しにくくなりやすいこと、変化や新しいやり方への対応にはやや時間がかかることには注意が必要です。
高い,低い,高い,低い,高い,低い,低い,高い,自ら課題を見つけて動きますが、リスクや状況をしっかり見極めてから動く慎重なタイプで、周囲との調和を大切にしますが、前面に出るよりも裏方として静かに支えることを好みます。 計画的に段取りを組み立てるのが得意で、長期的な戦略づくりや着実な実行が求められる役割に向いています。 また、新しいやり方やアイデアも積極的に取り入れられる点も強みです。 一方で、スピードが求められる場面で出遅れやすいこと、自分の考えや成果を周囲に伝える機会が少ないこと、プレッシャーがかかる場面で本来の力を発揮しにくくなりやすいこと、きっかけや目的が明確でないと意欲を保ちにくいことには注意が必要です。
高い,低い,高い,低い,高い,低い,低い,低い,自ら課題を見つけて動きますが、リスクや状況をしっかり見極めてから動く慎重なタイプで、周囲との調和を大切にしますが、前面に出るよりも裏方として静かに支えることを好みます。 計画的に段取りを組み立てるのが得意で、長期的な戦略づくりや着実な実行が求められる役割に向いています。 一方で、スピードが求められる場面で出遅れやすいこと、自分の考えや成果を周囲に伝える機会が少ないこと、プレッシャーがかかる場面で本来の力を発揮しにくくなりやすいこと、きっかけや目的が明確でないと意欲を保ちにくいこと、変化や新しいやり方への対応にはやや時間がかかることには注意が必要です。
高い,低い,高い,低い,低い,高い,高い,高い,自ら課題を見つけて動きますが、リスクや状況をしっかり見極めてから動く慎重なタイプで、周囲との調和を大切にしますが、前面に出るよりも裏方として静かに支えることを好みます。 計画よりもその場の状況に応じた柔軟さが持ち味ですが、段取りを事前に詰め切れないことがあります。 また、プレッシャーの下でも動じず安定した力を発揮できる、自ら目標を高く持って意欲的に取り組める、新しいやり方やアイデアも積極的に取り入れられる点も強みです。 一方で、スピードが求められる場面で出遅れやすいこと、自分の考えや成果を周囲に伝える機会が少ないこと、計画性やリスク管理が手薄になりやすいことには注意が必要です。
高い,低い,高い,低い,低い,高い,高い,低い,自ら課題を見つけて動きますが、リスクや状況をしっかり見極めてから動く慎重なタイプで、周囲との調和を大切にしますが、前面に出るよりも裏方として静かに支えることを好みます。 計画よりもその場の状況に応じた柔軟さが持ち味ですが、段取りを事前に詰め切れないことがあります。 また、プレッシャーの下でも動じず安定した力を発揮できる、自ら目標を高く持って意欲的に取り組める点も強みです。 一方で、スピードが求められる場面で出遅れやすいこと、自分の考えや成果を周囲に伝える機会が少ないこと、計画性やリスク管理が手薄になりやすいこと、変化や新しいやり方への対応にはやや時間がかかることには注意が必要です。
高い,低い,高い,低い,低い,高い,低い,高い,自ら課題を見つけて動きますが、リスクや状況をしっかり見極めてから動く慎重なタイプで、周囲との調和を大切にしますが、前面に出るよりも裏方として静かに支えることを好みます。 計画よりもその場の状況に応じた柔軟さが持ち味ですが、段取りを事前に詰め切れないことがあります。 また、プレッシャーの下でも動じず安定した力を発揮できる、新しいやり方やアイデアも積極的に取り入れられる点も強みです。 一方で、スピードが求められる場面で出遅れやすいこと、自分の考えや成果を周囲に伝える機会が少ないこと、計画性やリスク管理が手薄になりやすいこと、きっかけや目的が明確でないと意欲を保ちにくいことには注意が必要です。
高い,低い,高い,低い,低い,高い,低い,低い,自ら課題を見つけて動きますが、リスクや状況をしっかり見極めてから動く慎重なタイプで、周囲との調和を大切にしますが、前面に出るよりも裏方として静かに支えることを好みます。 計画よりもその場の状況に応じた柔軟さが持ち味ですが、段取りを事前に詰め切れないことがあります。 また、プレッシャーの下でも動じず安定した力を発揮できる点も強みです。 一方で、スピードが求められる場面で出遅れやすいこと、自分の考えや成果を周囲に伝える機会が少ないこと、計画性やリスク管理が手薄になりやすいこと、きっかけや目的が明確でないと意欲を保ちにくいこと、変化や新しいやり方への対応にはやや時間がかかることには注意が必要です。
高い,低い,高い,低い,低い,低い,高い,高い,自ら課題を見つけて動きますが、リスクや状況をしっかり見極めてから動く慎重なタイプで、周囲との調和を大切にしますが、前面に出るよりも裏方として静かに支えることを好みます。 計画よりもその場の状況に応じた柔軟さが持ち味ですが、段取りを事前に詰め切れないことがあります。 また、自ら目標を高く持って意欲的に取り組める、新しいやり方やアイデアも積極的に取り入れられる点も強みです。 一方で、スピードが求められる場面で出遅れやすいこと、自分の考えや成果を周囲に伝える機会が少ないこと、計画性やリスク管理が手薄になりやすいこと、プレッシャーがかかる場面で本来の力を発揮しにくくなりやすいことには注意が必要です。
高い,低い,高い,低い,低い,低い,高い,低い,自ら課題を見つけて動きますが、リスクや状況をしっかり見極めてから動く慎重なタイプで、周囲との調和を大切にしますが、前面に出るよりも裏方として静かに支えることを好みます。 計画よりもその場の状況に応じた柔軟さが持ち味ですが、段取りを事前に詰め切れないことがあります。 また、自ら目標を高く持って意欲的に取り組める点も強みです。 一方で、スピードが求められる場面で出遅れやすいこと、自分の考えや成果を周囲に伝える機会が少ないこと、計画性やリスク管理が手薄になりやすいこと、プレッシャーがかかる場面で本来の力を発揮しにくくなりやすいこと、変化や新しいやり方への対応にはやや時間がかかることには注意が必要です。
高い,低い,高い,低い,低い,低い,低い,高い,自ら課題を見つけて動きますが、リスクや状況をしっかり見極めてから動く慎重なタイプで、周囲との調和を大切にしますが、前面に出るよりも裏方として静かに支えることを好みます。 計画よりもその場の状況に応じた柔軟さが持ち味ですが、段取りを事前に詰め切れないことがあります。 また、新しいやり方やアイデアも積極的に取り入れられる点も強みです。 一方で、スピードが求められる場面で出遅れやすいこと、自分の考えや成果を周囲に伝える機会が少ないこと、計画性やリスク管理が手薄になりやすいこと、プレッシャーがかかる場面で本来の力を発揮しにくくなりやすいこと、きっかけや目的が明確でないと意欲を保ちにくいことには注意が必要です。
高い,低い,高い,低い,低い,低い,低い,低い,自ら課題を見つけて動きますが、リスクや状況をしっかり見極めてから動く慎重なタイプで、周囲との調和を大切にしますが、前面に出るよりも裏方として静かに支えることを好みます。 計画よりもその場の状況に応じた柔軟さが持ち味ですが、段取りを事前に詰め切れないことがあります。 一方で、スピードが求められる場面で出遅れやすいこと、自分の考えや成果を周囲に伝える機会が少ないこと、計画性やリスク管理が手薄になりやすいこと、プレッシャーがかかる場面で本来の力を発揮しにくくなりやすいこと、きっかけや目的が明確でないと意欲を保ちにくいこと、変化や新しいやり方への対応にはやや時間がかかることには注意が必要です。
高い,低い,低い,高い,高い,高い,高い,高い,自ら課題を見つけて動きますが、リスクや状況をしっかり見極めてから動く慎重なタイプで、自分の考えを大切にする独立志向を持ちながら、社交的に自分の考えを発信していきます。 計画的に段取りを組み立てるのが得意で、長期的な戦略づくりや着実な実行が求められる役割に向いています。 また、プレッシャーの下でも動じず安定した力を発揮できる、自ら目標を高く持って意欲的に取り組める、新しいやり方やアイデアも積極的に取り入れられる点も強みです。 一方で、スピードが求められる場面で出遅れやすいこと、周囲との連携が後回しになり孤立しやすいことには注意が必要です。
高い,低い,低い,高い,高い,高い,高い,低い,自ら課題を見つけて動きますが、リスクや状況をしっかり見極めてから動く慎重なタイプで、自分の考えを大切にする独立志向を持ちながら、社交的に自分の考えを発信していきます。 計画的に段取りを組み立てるのが得意で、長期的な戦略づくりや着実な実行が求められる役割に向いています。 また、プレッシャーの下でも動じず安定した力を発揮できる、自ら目標を高く持って意欲的に取り組める点も強みです。 一方で、スピードが求められる場面で出遅れやすいこと、周囲との連携が後回しになり孤立しやすいこと、変化や新しいやり方への対応にはやや時間がかかることには注意が必要です。
高い,低い,低い,高い,高い,高い,低い,高い,自ら課題を見つけて動きますが、リスクや状況をしっかり見極めてから動く慎重なタイプで、自分の考えを大切にする独立志向を持ちながら、社交的に自分の考えを発信していきます。 計画的に段取りを組み立てるのが得意で、長期的な戦略づくりや着実な実行が求められる役割に向いています。 また、プレッシャーの下でも動じず安定した力を発揮できる、新しいやり方やアイデアも積極的に取り入れられる点も強みです。 一方で、スピードが求められる場面で出遅れやすいこと、周囲との連携が後回しになり孤立しやすいこと、きっかけや目的が明確でないと意欲を保ちにくいことには注意が必要です。
高い,低い,低い,高い,高い,高い,低い,低い,自ら課題を見つけて動きますが、リスクや状況をしっかり見極めてから動く慎重なタイプで、自分の考えを大切にする独立志向を持ちながら、社交的に自分の考えを発信していきます。 計画的に段取りを組み立てるのが得意で、長期的な戦略づくりや着実な実行が求められる役割に向いています。 また、プレッシャーの下でも動じず安定した力を発揮できる点も強みです。 一方で、スピードが求められる場面で出遅れやすいこと、周囲との連携が後回しになり孤立しやすいこと、きっかけや目的が明確でないと意欲を保ちにくいこと、変化や新しいやり方への対応にはやや時間がかかることには注意が必要です。
高い,低い,低い,高い,高い,低い,高い,高い,自ら課題を見つけて動きますが、リスクや状況をしっかり見極めてから動く慎重なタイプで、自分の考えを大切にする独立志向を持ちながら、社交的に自分の考えを発信していきます。 計画的に段取りを組み立てるのが得意で、長期的な戦略づくりや着実な実行が求められる役割に向いています。 また、自ら目標を高く持って意欲的に取り組める、新しいやり方やアイデアも積極的に取り入れられる点も強みです。 一方で、スピードが求められる場面で出遅れやすいこと、周囲との連携が後回しになり孤立しやすいこと、プレッシャーがかかる場面で本来の力を発揮しにくくなりやすいことには注意が必要です。
高い,低い,低い,高い,高い,低い,高い,低い,自ら課題を見つけて動きますが、リスクや状況をしっかり見極めてから動く慎重なタイプで、自分の考えを大切にする独立志向を持ちながら、社交的に自分の考えを発信していきます。 計画的に段取りを組み立てるのが得意で、長期的な戦略づくりや着実な実行が求められる役割に向いています。 また、自ら目標を高く持って意欲的に取り組める点も強みです。 一方で、スピードが求められる場面で出遅れやすいこと、周囲との連携が後回しになり孤立しやすいこと、プレッシャーがかかる場面で本来の力を発揮しにくくなりやすいこと、変化や新しいやり方への対応にはやや時間がかかることには注意が必要です。
高い,低い,低い,高い,高い,低い,低い,高い,自ら課題を見つけて動きますが、リスクや状況をしっかり見極めてから動く慎重なタイプで、自分の考えを大切にする独立志向を持ちながら、社交的に自分の考えを発信していきます。 計画的に段取りを組み立てるのが得意で、長期的な戦略づくりや着実な実行が求められる役割に向いています。 また、新しいやり方やアイデアも積極的に取り入れられる点も強みです。 一方で、スピードが求められる場面で出遅れやすいこと、周囲との連携が後回しになり孤立しやすいこと、プレッシャーがかかる場面で本来の力を発揮しにくくなりやすいこと、きっかけや目的が明確でないと意欲を保ちにくいことには注意が必要です。
高い,低い,低い,高い,高い,低い,低い,低い,自ら課題を見つけて動きますが、リスクや状況をしっかり見極めてから動く慎重なタイプで、自分の考えを大切にする独立志向を持ちながら、社交的に自分の考えを発信していきます。 計画的に段取りを組み立てるのが得意で、長期的な戦略づくりや着実な実行が求められる役割に向いています。 一方で、スピードが求められる場面で出遅れやすいこと、周囲との連携が後回しになり孤立しやすいこと、プレッシャーがかかる場面で本来の力を発揮しにくくなりやすいこと、きっかけや目的が明確でないと意欲を保ちにくいこと、変化や新しいやり方への対応にはやや時間がかかることには注意が必要です。
高い,低い,低い,高い,低い,高い,高い,高い,自ら課題を見つけて動きますが、リスクや状況をしっかり見極めてから動く慎重なタイプで、自分の考えを大切にする独立志向を持ちながら、社交的に自分の考えを発信していきます。 計画よりもその場の状況に応じた柔軟さが持ち味ですが、段取りを事前に詰め切れないことがあります。 また、プレッシャーの下でも動じず安定した力を発揮できる、自ら目標を高く持って意欲的に取り組める、新しいやり方やアイデアも積極的に取り入れられる点も強みです。 一方で、スピードが求められる場面で出遅れやすいこと、周囲との連携が後回しになり孤立しやすいこと、計画性やリスク管理が手薄になりやすいことには注意が必要です。
高い,低い,低い,高い,低い,高い,高い,低い,自ら課題を見つけて動きますが、リスクや状況をしっかり見極めてから動く慎重なタイプで、自分の考えを大切にする独立志向を持ちながら、社交的に自分の考えを発信していきます。 計画よりもその場の状況に応じた柔軟さが持ち味ですが、段取りを事前に詰め切れないことがあります。 また、プレッシャーの下でも動じず安定した力を発揮できる、自ら目標を高く持って意欲的に取り組める点も強みです。 一方で、スピードが求められる場面で出遅れやすいこと、周囲との連携が後回しになり孤立しやすいこと、計画性やリスク管理が手薄になりやすいこと、変化や新しいやり方への対応にはやや時間がかかることには注意が必要です。
高い,低い,低い,高い,低い,高い,低い,高い,自ら課題を見つけて動きますが、リスクや状況をしっかり見極めてから動く慎重なタイプで、自分の考えを大切にする独立志向を持ちながら、社交的に自分の考えを発信していきます。 計画よりもその場の状況に応じた柔軟さが持ち味ですが、段取りを事前に詰め切れないことがあります。 また、プレッシャーの下でも動じず安定した力を発揮できる、新しいやり方やアイデアも積極的に取り入れられる点も強みです。 一方で、スピードが求められる場面で出遅れやすいこと、周囲との連携が後回しになり孤立しやすいこと、計画性やリスク管理が手薄になりやすいこと、きっかけや目的が明確でないと意欲を保ちにくいことには注意が必要です。
高い,低い,低い,高い,低い,高い,低い,低い,自ら課題を見つけて動きますが、リスクや状況をしっかり見極めてから動く慎重なタイプで、自分の考えを大切にする独立志向を持ちながら、社交的に自分の考えを発信していきます。 計画よりもその場の状況に応じた柔軟さが持ち味ですが、段取りを事前に詰め切れないことがあります。 また、プレッシャーの下でも動じず安定した力を発揮できる点も強みです。 一方で、スピードが求められる場面で出遅れやすいこと、周囲との連携が後回しになり孤立しやすいこと、計画性やリスク管理が手薄になりやすいこと、きっかけや目的が明確でないと意欲を保ちにくいこと、変化や新しいやり方への対応にはやや時間がかかることには注意が必要です。
高い,低い,低い,高い,低い,低い,高い,高い,自ら課題を見つけて動きますが、リスクや状況をしっかり見極めてから動く慎重なタイプで、自分の考えを大切にする独立志向を持ちながら、社交的に自分の考えを発信していきます。 計画よりもその場の状況に応じた柔軟さが持ち味ですが、段取りを事前に詰め切れないことがあります。 また、自ら目標を高く持って意欲的に取り組める、新しいやり方やアイデアも積極的に取り入れられる点も強みです。 一方で、スピードが求められる場面で出遅れやすいこと、周囲との連携が後回しになり孤立しやすいこと、計画性やリスク管理が手薄になりやすいこと、プレッシャーがかかる場面で本来の力を発揮しにくくなりやすいことには注意が必要です。
高い,低い,低い,高い,低い,低い,高い,低い,自ら課題を見つけて動きますが、リスクや状況をしっかり見極めてから動く慎重なタイプで、自分の考えを大切にする独立志向を持ちながら、社交的に自分の考えを発信していきます。 計画よりもその場の状況に応じた柔軟さが持ち味ですが、段取りを事前に詰め切れないことがあります。 また、自ら目標を高く持って意欲的に取り組める点も強みです。 一方で、スピードが求められる場面で出遅れやすいこと、周囲との連携が後回しになり孤立しやすいこと、計画性やリスク管理が手薄になりやすいこと、プレッシャーがかかる場面で本来の力を発揮しにくくなりやすいこと、変化や新しいやり方への対応にはやや時間がかかることには注意が必要です。
高い,低い,低い,高い,低い,低い,低い,高い,自ら課題を見つけて動きますが、リスクや状況をしっかり見極めてから動く慎重なタイプで、自分の考えを大切にする独立志向を持ちながら、社交的に自分の考えを発信していきます。 計画よりもその場の状況に応じた柔軟さが持ち味ですが、段取りを事前に詰め切れないことがあります。 また、新しいやり方やアイデアも積極的に取り入れられる点も強みです。 一方で、スピードが求められる場面で出遅れやすいこと、周囲との連携が後回しになり孤立しやすいこと、計画性やリスク管理が手薄になりやすいこと、プレッシャーがかかる場面で本来の力を発揮しにくくなりやすいこと、きっかけや目的が明確でないと意欲を保ちにくいことには注意が必要です。
高い,低い,低い,高い,低い,低い,低い,低い,自ら課題を見つけて動きますが、リスクや状況をしっかり見極めてから動く慎重なタイプで、自分の考えを大切にする独立志向を持ちながら、社交的に自分の考えを発信していきます。 計画よりもその場の状況に応じた柔軟さが持ち味ですが、段取りを事前に詰め切れないことがあります。 一方で、スピードが求められる場面で出遅れやすいこと、周囲との連携が後回しになり孤立しやすいこと、計画性やリスク管理が手薄になりやすいこと、プレッシャーがかかる場面で本来の力を発揮しにくくなりやすいこと、きっかけや目的が明確でないと意欲を保ちにくいこと、変化や新しいやり方への対応にはやや時間がかかることには注意が必要です。
高い,低い,低い,低い,高い,高い,高い,高い,自ら課題を見つけて動きますが、リスクや状況をしっかり見極めてから動く慎重なタイプで、周囲との調整よりも自分のペースを優先し、一人で抱え込みやすい面もあります。 計画的に段取りを組み立てるのが得意で、長期的な戦略づくりや着実な実行が求められる役割に向いています。 また、プレッシャーの下でも動じず安定した力を発揮できる、自ら目標を高く持って意欲的に取り組める、新しいやり方やアイデアも積極的に取り入れられる点も強みです。 一方で、スピードが求められる場面で出遅れやすいこと、周囲との連携が後回しになり孤立しやすいこと、自分の考えや成果を周囲に伝える機会が少ないことには注意が必要です。
高い,低い,低い,低い,高い,高い,高い,低い,自ら課題を見つけて動きますが、リスクや状況をしっかり見極めてから動く慎重なタイプで、周囲との調整よりも自分のペースを優先し、一人で抱え込みやすい面もあります。 計画的に段取りを組み立てるのが得意で、長期的な戦略づくりや着実な実行が求められる役割に向いています。 また、プレッシャーの下でも動じず安定した力を発揮できる、自ら目標を高く持って意欲的に取り組める点も強みです。 一方で、スピードが求められる場面で出遅れやすいこと、周囲との連携が後回しになり孤立しやすいこと、自分の考えや成果を周囲に伝える機会が少ないこと、変化や新しいやり方への対応にはやや時間がかかることには注意が必要です。
高い,低い,低い,低い,高い,高い,低い,高い,自ら課題を見つけて動きますが、リスクや状況をしっかり見極めてから動く慎重なタイプで、周囲との調整よりも自分のペースを優先し、一人で抱え込みやすい面もあります。 計画的に段取りを組み立てるのが得意で、長期的な戦略づくりや着実な実行が求められる役割に向いています。 また、プレッシャーの下でも動じず安定した力を発揮できる、新しいやり方やアイデアも積極的に取り入れられる点も強みです。 一方で、スピードが求められる場面で出遅れやすいこと、周囲との連携が後回しになり孤立しやすいこと、自分の考えや成果を周囲に伝える機会が少ないこと、きっかけや目的が明確でないと意欲を保ちにくいことには注意が必要です。
高い,低い,低い,低い,高い,高い,低い,低い,自ら課題を見つけて動きますが、リスクや状況をしっかり見極めてから動く慎重なタイプで、周囲との調整よりも自分のペースを優先し、一人で抱え込みやすい面もあります。 計画的に段取りを組み立てるのが得意で、長期的な戦略づくりや着実な実行が求められる役割に向いています。 また、プレッシャーの下でも動じず安定した力を発揮できる点も強みです。 一方で、スピードが求められる場面で出遅れやすいこと、周囲との連携が後回しになり孤立しやすいこと、自分の考えや成果を周囲に伝える機会が少ないこと、きっかけや目的が明確でないと意欲を保ちにくいこと、変化や新しいやり方への対応にはやや時間がかかることには注意が必要です。
高い,低い,低い,低い,高い,低い,高い,高い,自ら課題を見つけて動きますが、リスクや状況をしっかり見極めてから動く慎重なタイプで、周囲との調整よりも自分のペースを優先し、一人で抱え込みやすい面もあります。 計画的に段取りを組み立てるのが得意で、長期的な戦略づくりや着実な実行が求められる役割に向いています。 また、自ら目標を高く持って意欲的に取り組める、新しいやり方やアイデアも積極的に取り入れられる点も強みです。 一方で、スピードが求められる場面で出遅れやすいこと、周囲との連携が後回しになり孤立しやすいこと、自分の考えや成果を周囲に伝える機会が少ないこと、プレッシャーがかかる場面で本来の力を発揮しにくくなりやすいことには注意が必要です。
高い,低い,低い,低い,高い,低い,高い,低い,自ら課題を見つけて動きますが、リスクや状況をしっかり見極めてから動く慎重なタイプで、周囲との調整よりも自分のペースを優先し、一人で抱え込みやすい面もあります。 計画的に段取りを組み立てるのが得意で、長期的な戦略づくりや着実な実行が求められる役割に向いています。 また、自ら目標を高く持って意欲的に取り組める点も強みです。 一方で、スピードが求められる場面で出遅れやすいこと、周囲との連携が後回しになり孤立しやすいこと、自分の考えや成果を周囲に伝える機会が少ないこと、プレッシャーがかかる場面で本来の力を発揮しにくくなりやすいこと、変化や新しいやり方への対応にはやや時間がかかることには注意が必要です。
高い,低い,低い,低い,高い,低い,低い,高い,自ら課題を見つけて動きますが、リスクや状況をしっかり見極めてから動く慎重なタイプで、周囲との調整よりも自分のペースを優先し、一人で抱え込みやすい面もあります。 計画的に段取りを組み立てるのが得意で、長期的な戦略づくりや着実な実行が求められる役割に向いています。 また、新しいやり方やアイデアも積極的に取り入れられる点も強みです。 一方で、スピードが求められる場面で出遅れやすいこと、周囲との連携が後回しになり孤立しやすいこと、自分の考えや成果を周囲に伝える機会が少ないこと、プレッシャーがかかる場面で本来の力を発揮しにくくなりやすいこと、きっかけや目的が明確でないと意欲を保ちにくいことには注意が必要です。
高い,低い,低い,低い,高い,低い,低い,低い,自ら課題を見つけて動きますが、リスクや状況をしっかり見極めてから動く慎重なタイプで、周囲との調整よりも自分のペースを優先し、一人で抱え込みやすい面もあります。 計画的に段取りを組み立てるのが得意で、長期的な戦略づくりや着実な実行が求められる役割に向いています。 一方で、スピードが求められる場面で出遅れやすいこと、周囲との連携が後回しになり孤立しやすいこと、自分の考えや成果を周囲に伝える機会が少ないこと、プレッシャーがかかる場面で本来の力を発揮しにくくなりやすいこと、きっかけや目的が明確でないと意欲を保ちにくいこと、変化や新しいやり方への対応にはやや時間がかかることには注意が必要です。
高い,低い,低い,低い,低い,高い,高い,高い,自ら課題を見つけて動きますが、リスクや状況をしっかり見極めてから動く慎重なタイプで、周囲との調整よりも自分のペースを優先し、一人で抱え込みやすい面もあります。 計画よりもその場の状況に応じた柔軟さが持ち味ですが、段取りを事前に詰め切れないことがあります。 また、プレッシャーの下でも動じず安定した力を発揮できる、自ら目標を高く持って意欲的に取り組める、新しいやり方やアイデアも積極的に取り入れられる点も強みです。 一方で、スピードが求められる場面で出遅れやすいこと、周囲との連携が後回しになり孤立しやすいこと、自分の考えや成果を周囲に伝える機会が少ないこと、計画性やリスク管理が手薄になりやすいことには注意が必要です。
高い,低い,低い,低い,低い,高い,高い,低い,自ら課題を見つけて動きますが、リスクや状況をしっかり見極めてから動く慎重なタイプで、周囲との調整よりも自分のペースを優先し、一人で抱え込みやすい面もあります。 計画よりもその場の状況に応じた柔軟さが持ち味ですが、段取りを事前に詰め切れないことがあります。 また、プレッシャーの下でも動じず安定した力を発揮できる、自ら目標を高く持って意欲的に取り組める点も強みです。 一方で、スピードが求められる場面で出遅れやすいこと、周囲との連携が後回しになり孤立しやすいこと、自分の考えや成果を周囲に伝える機会が少ないこと、計画性やリスク管理が手薄になりやすいこと、変化や新しいやり方への対応にはやや時間がかかることには注意が必要です。
高い,低い,低い,低い,低い,高い,低い,高い,自ら課題を見つけて動きますが、リスクや状況をしっかり見極めてから動く慎重なタイプで、周囲との調整よりも自分のペースを優先し、一人で抱え込みやすい面もあります。 計画よりもその場の状況に応じた柔軟さが持ち味ですが、段取りを事前に詰め切れないことがあります。 また、プレッシャーの下でも動じず安定した力を発揮できる、新しいやり方やアイデアも積極的に取り入れられる点も強みです。 一方で、スピードが求められる場面で出遅れやすいこと、周囲との連携が後回しになり孤立しやすいこと、自分の考えや成果を周囲に伝える機会が少ないこと、計画性やリスク管理が手薄になりやすいこと、きっかけや目的が明確でないと意欲を保ちにくいことには注意が必要です。
高い,低い,低い,低い,低い,高い,低い,低い,自ら課題を見つけて動きますが、リスクや状況をしっかり見極めてから動く慎重なタイプで、周囲との調整よりも自分のペースを優先し、一人で抱え込みやすい面もあります。 計画よりもその場の状況に応じた柔軟さが持ち味ですが、段取りを事前に詰め切れないことがあります。 また、プレッシャーの下でも動じず安定した力を発揮できる点も強みです。 一方で、スピードが求められる場面で出遅れやすいこと、周囲との連携が後回しになり孤立しやすいこと、自分の考えや成果を周囲に伝える機会が少ないこと、計画性やリスク管理が手薄になりやすいこと、きっかけや目的が明確でないと意欲を保ちにくいこと、変化や新しいやり方への対応にはやや時間がかかることには注意が必要です。
高い,低い,低い,低い,低い,低い,高い,高い,自ら課題を見つけて動きますが、リスクや状況をしっかり見極めてから動く慎重なタイプで、周囲との調整よりも自分のペースを優先し、一人で抱え込みやすい面もあります。 計画よりもその場の状況に応じた柔軟さが持ち味ですが、段取りを事前に詰め切れないことがあります。 また、自ら目標を高く持って意欲的に取り組める、新しいやり方やアイデアも積極的に取り入れられる点も強みです。 一方で、スピードが求められる場面で出遅れやすいこと、周囲との連携が後回しになり孤立しやすいこと、自分の考えや成果を周囲に伝える機会が少ないこと、計画性やリスク管理が手薄になりやすいこと、プレッシャーがかかる場面で本来の力を発揮しにくくなりやすいことには注意が必要です。
高い,低い,低い,低い,低い,低い,高い,低い,自ら課題を見つけて動きますが、リスクや状況をしっかり見極めてから動く慎重なタイプで、周囲との調整よりも自分のペースを優先し、一人で抱え込みやすい面もあります。 計画よりもその場の状況に応じた柔軟さが持ち味ですが、段取りを事前に詰め切れないことがあります。 また、自ら目標を高く持って意欲的に取り組める点も強みです。 一方で、スピードが求められる場面で出遅れやすいこと、周囲との連携が後回しになり孤立しやすいこと、自分の考えや成果を周囲に伝える機会が少ないこと、計画性やリスク管理が手薄になりやすいこと、プレッシャーがかかる場面で本来の力を発揮しにくくなりやすいこと、変化や新しいやり方への対応にはやや時間がかかることには注意が必要です。
高い,低い,低い,低い,低い,低い,低い,高い,自ら課題を見つけて動きますが、リスクや状況をしっかり見極めてから動く慎重なタイプで、周囲との調整よりも自分のペースを優先し、一人で抱え込みやすい面もあります。 計画よりもその場の状況に応じた柔軟さが持ち味ですが、段取りを事前に詰め切れないことがあります。 また、新しいやり方やアイデアも積極的に取り入れられる点も強みです。 一方で、スピードが求められる場面で出遅れやすいこと、周囲との連携が後回しになり孤立しやすいこと、自分の考えや成果を周囲に伝える機会が少ないこと、計画性やリスク管理が手薄になりやすいこと、プレッシャーがかかる場面で本来の力を発揮しにくくなりやすいこと、きっかけや目的が明確でないと意欲を保ちにくいことには注意が必要です。
高い,低い,低い,低い,低い,低い,低い,低い,自ら課題を見つけて動きますが、リスクや状況をしっかり見極めてから動く慎重なタイプで、周囲との調整よりも自分のペースを優先し、一人で抱え込みやすい面もあります。 計画よりもその場の状況に応じた柔軟さが持ち味ですが、段取りを事前に詰め切れないことがあります。 一方で、スピードが求められる場面で出遅れやすいこと、周囲との連携が後回しになり孤立しやすいこと、自分の考えや成果を周囲に伝える機会が少ないこと、計画性やリスク管理が手薄になりやすいこと、プレッシャーがかかる場面で本来の力を発揮しにくくなりやすいこと、きっかけや目的が明確でないと意欲を保ちにくいこと、変化や新しいやり方への対応にはやや時間がかかることには注意が必要です。
低い,高い,高い,高い,高い,高い,高い,高い,自分から方向性を決めるというより、周囲の状況や指示に反応して動くタイプで、周囲との調和を大切にしながら、社交的に人を巻き込んで物事を進めていきます。 計画的に段取りを組み立てるのが得意で、長期的な戦略づくりや着実な実行が求められる役割に向いています。 また、プレッシャーの下でも動じず安定した力を発揮できる、自ら目標を高く持って意欲的に取り組める、新しいやり方やアイデアも積極的に取り入れられる点も強みです。 一方で、指示や目標が曖昧だと動きにくくなることには注意が必要です。
低い,高い,高い,高い,高い,高い,高い,低い,自分から方向性を決めるというより、周囲の状況や指示に反応して動くタイプで、周囲との調和を大切にしながら、社交的に人を巻き込んで物事を進めていきます。 計画的に段取りを組み立てるのが得意で、長期的な戦略づくりや着実な実行が求められる役割に向いています。 また、プレッシャーの下でも動じず安定した力を発揮できる、自ら目標を高く持って意欲的に取り組める点も強みです。 一方で、指示や目標が曖昧だと動きにくくなること、変化や新しいやり方への対応にはやや時間がかかることには注意が必要です。
低い,高い,高い,高い,高い,高い,低い,高い,自分から方向性を決めるというより、周囲の状況や指示に反応して動くタイプで、周囲との調和を大切にしながら、社交的に人を巻き込んで物事を進めていきます。 計画的に段取りを組み立てるのが得意で、長期的な戦略づくりや着実な実行が求められる役割に向いています。 また、プレッシャーの下でも動じず安定した力を発揮できる、新しいやり方やアイデアも積極的に取り入れられる点も強みです。 一方で、指示や目標が曖昧だと動きにくくなること、きっかけや目的が明確でないと意欲を保ちにくいことには注意が必要です。
低い,高い,高い,高い,高い,高い,低い,低い,自分から方向性を決めるというより、周囲の状況や指示に反応して動くタイプで、周囲との調和を大切にしながら、社交的に人を巻き込んで物事を進めていきます。 計画的に段取りを組み立てるのが得意で、長期的な戦略づくりや着実な実行が求められる役割に向いています。 また、プレッシャーの下でも動じず安定した力を発揮できる点も強みです。 一方で、指示や目標が曖昧だと動きにくくなること、きっかけや目的が明確でないと意欲を保ちにくいこと、変化や新しいやり方への対応にはやや時間がかかることには注意が必要です。
低い,高い,高い,高い,高い,低い,高い,高い,自分から方向性を決めるというより、周囲の状況や指示に反応して動くタイプで、周囲との調和を大切にしながら、社交的に人を巻き込んで物事を進めていきます。 計画的に段取りを組み立てるのが得意で、長期的な戦略づくりや着実な実行が求められる役割に向いています。 また、自ら目標を高く持って意欲的に取り組める、新しいやり方やアイデアも積極的に取り入れられる点も強みです。 一方で、指示や目標が曖昧だと動きにくくなること、プレッシャーがかかる場面で本来の力を発揮しにくくなりやすいことには注意が必要です。
低い,高い,高い,高い,高い,低い,高い,低い,自分から方向性を決めるというより、周囲の状況や指示に反応して動くタイプで、周囲との調和を大切にしながら、社交的に人を巻き込んで物事を進めていきます。 計画的に段取りを組み立てるのが得意で、長期的な戦略づくりや着実な実行が求められる役割に向いています。 また、自ら目標を高く持って意欲的に取り組める点も強みです。 一方で、指示や目標が曖昧だと動きにくくなること、プレッシャーがかかる場面で本来の力を発揮しにくくなりやすいこと、変化や新しいやり方への対応にはやや時間がかかることには注意が必要です。
低い,高い,高い,高い,高い,低い,低い,高い,自分から方向性を決めるというより、周囲の状況や指示に反応して動くタイプで、周囲との調和を大切にしながら、社交的に人を巻き込んで物事を進めていきます。 計画的に段取りを組み立てるのが得意で、長期的な戦略づくりや着実な実行が求められる役割に向いています。 また、新しいやり方やアイデアも積極的に取り入れられる点も強みです。 一方で、指示や目標が曖昧だと動きにくくなること、プレッシャーがかかる場面で本来の力を発揮しにくくなりやすいこと、きっかけや目的が明確でないと意欲を保ちにくいことには注意が必要です。
低い,高い,高い,高い,高い,低い,低い,低い,自分から方向性を決めるというより、周囲の状況や指示に反応して動くタイプで、周囲との調和を大切にしながら、社交的に人を巻き込んで物事を進めていきます。 計画的に段取りを組み立てるのが得意で、長期的な戦略づくりや着実な実行が求められる役割に向いています。 一方で、指示や目標が曖昧だと動きにくくなること、プレッシャーがかかる場面で本来の力を発揮しにくくなりやすいこと、きっかけや目的が明確でないと意欲を保ちにくいこと、変化や新しいやり方への対応にはやや時間がかかることには注意が必要です。
低い,高い,高い,高い,低い,高い,高い,高い,自分から方向性を決めるというより、周囲の状況や指示に反応して動くタイプで、周囲との調和を大切にしながら、社交的に人を巻き込んで物事を進めていきます。 計画よりもその場の状況に応じた柔軟さが持ち味ですが、段取りを事前に詰め切れないことがあります。 また、プレッシャーの下でも動じず安定した力を発揮できる、自ら目標を高く持って意欲的に取り組める、新しいやり方やアイデアも積極的に取り入れられる点も強みです。 一方で、指示や目標が曖昧だと動きにくくなること、計画性やリスク管理が手薄になりやすいことには注意が必要です。
低い,高い,高い,高い,低い,高い,高い,低い,自分から方向性を決めるというより、周囲の状況や指示に反応して動くタイプで、周囲との調和を大切にしながら、社交的に人を巻き込んで物事を進めていきます。 計画よりもその場の状況に応じた柔軟さが持ち味ですが、段取りを事前に詰め切れないことがあります。 また、プレッシャーの下でも動じず安定した力を発揮できる、自ら目標を高く持って意欲的に取り組める点も強みです。 一方で、指示や目標が曖昧だと動きにくくなること、計画性やリスク管理が手薄になりやすいこと、変化や新しいやり方への対応にはやや時間がかかることには注意が必要です。
低い,高い,高い,高い,低い,高い,低い,高い,自分から方向性を決めるというより、周囲の状況や指示に反応して動くタイプで、周囲との調和を大切にしながら、社交的に人を巻き込んで物事を進めていきます。 計画よりもその場の状況に応じた柔軟さが持ち味ですが、段取りを事前に詰め切れないことがあります。 また、プレッシャーの下でも動じず安定した力を発揮できる、新しいやり方やアイデアも積極的に取り入れられる点も強みです。 一方で、指示や目標が曖昧だと動きにくくなること、計画性やリスク管理が手薄になりやすいこと、きっかけや目的が明確でないと意欲を保ちにくいことには注意が必要です。
低い,高い,高い,高い,低い,高い,低い,低い,自分から方向性を決めるというより、周囲の状況や指示に反応して動くタイプで、周囲との調和を大切にしながら、社交的に人を巻き込んで物事を進めていきます。 計画よりもその場の状況に応じた柔軟さが持ち味ですが、段取りを事前に詰め切れないことがあります。 また、プレッシャーの下でも動じず安定した力を発揮できる点も強みです。 一方で、指示や目標が曖昧だと動きにくくなること、計画性やリスク管理が手薄になりやすいこと、きっかけや目的が明確でないと意欲を保ちにくいこと、変化や新しいやり方への対応にはやや時間がかかることには注意が必要です。
低い,高い,高い,高い,低い,低い,高い,高い,自分から方向性を決めるというより、周囲の状況や指示に反応して動くタイプで、周囲との調和を大切にしながら、社交的に人を巻き込んで物事を進めていきます。 計画よりもその場の状況に応じた柔軟さが持ち味ですが、段取りを事前に詰め切れないことがあります。 また、自ら目標を高く持って意欲的に取り組める、新しいやり方やアイデアも積極的に取り入れられる点も強みです。 一方で、指示や目標が曖昧だと動きにくくなること、計画性やリスク管理が手薄になりやすいこと、プレッシャーがかかる場面で本来の力を発揮しにくくなりやすいことには注意が必要です。
低い,高い,高い,高い,低い,低い,高い,低い,自分から方向性を決めるというより、周囲の状況や指示に反応して動くタイプで、周囲との調和を大切にしながら、社交的に人を巻き込んで物事を進めていきます。 計画よりもその場の状況に応じた柔軟さが持ち味ですが、段取りを事前に詰め切れないことがあります。 また、自ら目標を高く持って意欲的に取り組める点も強みです。 一方で、指示や目標が曖昧だと動きにくくなること、計画性やリスク管理が手薄になりやすいこと、プレッシャーがかかる場面で本来の力を発揮しにくくなりやすいこと、変化や新しいやり方への対応にはやや時間がかかることには注意が必要です。
低い,高い,高い,高い,低い,低い,低い,高い,自分から方向性を決めるというより、周囲の状況や指示に反応して動くタイプで、周囲との調和を大切にしながら、社交的に人を巻き込んで物事を進めていきます。 計画よりもその場の状況に応じた柔軟さが持ち味ですが、段取りを事前に詰め切れないことがあります。 また、新しいやり方やアイデアも積極的に取り入れられる点も強みです。 一方で、指示や目標が曖昧だと動きにくくなること、計画性やリスク管理が手薄になりやすいこと、プレッシャーがかかる場面で本来の力を発揮しにくくなりやすいこと、きっかけや目的が明確でないと意欲を保ちにくいことには注意が必要です。
低い,高い,高い,高い,低い,低い,低い,低い,自分から方向性を決めるというより、周囲の状況や指示に反応して動くタイプで、周囲との調和を大切にしながら、社交的に人を巻き込んで物事を進めていきます。 計画よりもその場の状況に応じた柔軟さが持ち味ですが、段取りを事前に詰め切れないことがあります。 一方で、指示や目標が曖昧だと動きにくくなること、計画性やリスク管理が手薄になりやすいこと、プレッシャーがかかる場面で本来の力を発揮しにくくなりやすいこと、きっかけや目的が明確でないと意欲を保ちにくいこと、変化や新しいやり方への対応にはやや時間がかかることには注意が必要です。
低い,高い,高い,低い,高い,高い,高い,高い,自分から方向性を決めるというより、周囲の状況や指示に反応して動くタイプで、周囲との調和を大切にしますが、前面に出るよりも裏方として静かに支えることを好みます。 計画的に段取りを組み立てるのが得意で、長期的な戦略づくりや着実な実行が求められる役割に向いています。 また、プレッシャーの下でも動じず安定した力を発揮できる、自ら目標を高く持って意欲的に取り組める、新しいやり方やアイデアも積極的に取り入れられる点も強みです。 一方で、指示や目標が曖昧だと動きにくくなること、自分の考えや成果を周囲に伝える機会が少ないことには注意が必要です。
低い,高い,高い,低い,高い,高い,高い,低い,自分から方向性を決めるというより、周囲の状況や指示に反応して動くタイプで、周囲との調和を大切にしますが、前面に出るよりも裏方として静かに支えることを好みます。 計画的に段取りを組み立てるのが得意で、長期的な戦略づくりや着実な実行が求められる役割に向いています。 また、プレッシャーの下でも動じず安定した力を発揮できる、自ら目標を高く持って意欲的に取り組める点も強みです。 一方で、指示や目標が曖昧だと動きにくくなること、自分の考えや成果を周囲に伝える機会が少ないこと、変化や新しいやり方への対応にはやや時間がかかることには注意が必要です。
低い,高い,高い,低い,高い,高い,低い,高い,自分から方向性を決めるというより、周囲の状況や指示に反応して動くタイプで、周囲との調和を大切にしますが、前面に出るよりも裏方として静かに支えることを好みます。 計画的に段取りを組み立てるのが得意で、長期的な戦略づくりや着実な実行が求められる役割に向いています。 また、プレッシャーの下でも動じず安定した力を発揮できる、新しいやり方やアイデアも積極的に取り入れられる点も強みです。 一方で、指示や目標が曖昧だと動きにくくなること、自分の考えや成果を周囲に伝える機会が少ないこと、きっかけや目的が明確でないと意欲を保ちにくいことには注意が必要です。
低い,高い,高い,低い,高い,高い,低い,低い,自分から方向性を決めるというより、周囲の状況や指示に反応して動くタイプで、周囲との調和を大切にしますが、前面に出るよりも裏方として静かに支えることを好みます。 計画的に段取りを組み立てるのが得意で、長期的な戦略づくりや着実な実行が求められる役割に向いています。 また、プレッシャーの下でも動じず安定した力を発揮できる点も強みです。 一方で、指示や目標が曖昧だと動きにくくなること、自分の考えや成果を周囲に伝える機会が少ないこと、きっかけや目的が明確でないと意欲を保ちにくいこと、変化や新しいやり方への対応にはやや時間がかかることには注意が必要です。
低い,高い,高い,低い,高い,低い,高い,高い,自分から方向性を決めるというより、周囲の状況や指示に反応して動くタイプで、周囲との調和を大切にしますが、前面に出るよりも裏方として静かに支えることを好みます。 計画的に段取りを組み立てるのが得意で、長期的な戦略づくりや着実な実行が求められる役割に向いています。 また、自ら目標を高く持って意欲的に取り組める、新しいやり方やアイデアも積極的に取り入れられる点も強みです。 一方で、指示や目標が曖昧だと動きにくくなること、自分の考えや成果を周囲に伝える機会が少ないこと、プレッシャーがかかる場面で本来の力を発揮しにくくなりやすいことには注意が必要です。
低い,高い,高い,低い,高い,低い,高い,低い,自分から方向性を決めるというより、周囲の状況や指示に反応して動くタイプで、周囲との調和を大切にしますが、前面に出るよりも裏方として静かに支えることを好みます。 計画的に段取りを組み立てるのが得意で、長期的な戦略づくりや着実な実行が求められる役割に向いています。 また、自ら目標を高く持って意欲的に取り組める点も強みです。 一方で、指示や目標が曖昧だと動きにくくなること、自分の考えや成果を周囲に伝える機会が少ないこと、プレッシャーがかかる場面で本来の力を発揮しにくくなりやすいこと、変化や新しいやり方への対応にはやや時間がかかることには注意が必要です。
低い,高い,高い,低い,高い,低い,低い,高い,自分から方向性を決めるというより、周囲の状況や指示に反応して動くタイプで、周囲との調和を大切にしますが、前面に出るよりも裏方として静かに支えることを好みます。 計画的に段取りを組み立てるのが得意で、長期的な戦略づくりや着実な実行が求められる役割に向いています。 また、新しいやり方やアイデアも積極的に取り入れられる点も強みです。 一方で、指示や目標が曖昧だと動きにくくなること、自分の考えや成果を周囲に伝える機会が少ないこと、プレッシャーがかかる場面で本来の力を発揮しにくくなりやすいこと、きっかけや目的が明確でないと意欲を保ちにくいことには注意が必要です。
低い,高い,高い,低い,高い,低い,低い,低い,自分から方向性を決めるというより、周囲の状況や指示に反応して動くタイプで、周囲との調和を大切にしますが、前面に出るよりも裏方として静かに支えることを好みます。 計画的に段取りを組み立てるのが得意で、長期的な戦略づくりや着実な実行が求められる役割に向いています。 一方で、指示や目標が曖昧だと動きにくくなること、自分の考えや成果を周囲に伝える機会が少ないこと、プレッシャーがかかる場面で本来の力を発揮しにくくなりやすいこと、きっかけや目的が明確でないと意欲を保ちにくいこと、変化や新しいやり方への対応にはやや時間がかかることには注意が必要です。
低い,高い,高い,低い,低い,高い,高い,高い,自分から方向性を決めるというより、周囲の状況や指示に反応して動くタイプで、周囲との調和を大切にしますが、前面に出るよりも裏方として静かに支えることを好みます。 計画よりもその場の状況に応じた柔軟さが持ち味ですが、段取りを事前に詰め切れないことがあります。 また、プレッシャーの下でも動じず安定した力を発揮できる、自ら目標を高く持って意欲的に取り組める、新しいやり方やアイデアも積極的に取り入れられる点も強みです。 一方で、指示や目標が曖昧だと動きにくくなること、自分の考えや成果を周囲に伝える機会が少ないこと、計画性やリスク管理が手薄になりやすいことには注意が必要です。
低い,高い,高い,低い,低い,高い,高い,低い,自分から方向性を決めるというより、周囲の状況や指示に反応して動くタイプで、周囲との調和を大切にしますが、前面に出るよりも裏方として静かに支えることを好みます。 計画よりもその場の状況に応じた柔軟さが持ち味ですが、段取りを事前に詰め切れないことがあります。 また、プレッシャーの下でも動じず安定した力を発揮できる、自ら目標を高く持って意欲的に取り組める点も強みです。 一方で、指示や目標が曖昧だと動きにくくなること、自分の考えや成果を周囲に伝える機会が少ないこと、計画性やリスク管理が手薄になりやすいこと、変化や新しいやり方への対応にはやや時間がかかることには注意が必要です。
低い,高い,高い,低い,低い,高い,低い,高い,自分から方向性を決めるというより、周囲の状況や指示に反応して動くタイプで、周囲との調和を大切にしますが、前面に出るよりも裏方として静かに支えることを好みます。 計画よりもその場の状況に応じた柔軟さが持ち味ですが、段取りを事前に詰め切れないことがあります。 また、プレッシャーの下でも動じず安定した力を発揮できる、新しいやり方やアイデアも積極的に取り入れられる点も強みです。 一方で、指示や目標が曖昧だと動きにくくなること、自分の考えや成果を周囲に伝える機会が少ないこと、計画性やリスク管理が手薄になりやすいこと、きっかけや目的が明確でないと意欲を保ちにくいことには注意が必要です。
低い,高い,高い,低い,低い,高い,低い,低い,自分から方向性を決めるというより、周囲の状況や指示に反応して動くタイプで、周囲との調和を大切にしますが、前面に出るよりも裏方として静かに支えることを好みます。 計画よりもその場の状況に応じた柔軟さが持ち味ですが、段取りを事前に詰め切れないことがあります。 また、プレッシャーの下でも動じず安定した力を発揮できる点も強みです。 一方で、指示や目標が曖昧だと動きにくくなること、自分の考えや成果を周囲に伝える機会が少ないこと、計画性やリスク管理が手薄になりやすいこと、きっかけや目的が明確でないと意欲を保ちにくいこと、変化や新しいやり方への対応にはやや時間がかかることには注意が必要です。
低い,高い,高い,低い,低い,低い,高い,高い,自分から方向性を決めるというより、周囲の状況や指示に反応して動くタイプで、周囲との調和を大切にしますが、前面に出るよりも裏方として静かに支えることを好みます。 計画よりもその場の状況に応じた柔軟さが持ち味ですが、段取りを事前に詰め切れないことがあります。 また、自ら目標を高く持って意欲的に取り組める、新しいやり方やアイデアも積極的に取り入れられる点も強みです。 一方で、指示や目標が曖昧だと動きにくくなること、自分の考えや成果を周囲に伝える機会が少ないこと、計画性やリスク管理が手薄になりやすいこと、プレッシャーがかかる場面で本来の力を発揮しにくくなりやすいことには注意が必要です。
低い,高い,高い,低い,低い,低い,高い,低い,自分から方向性を決めるというより、周囲の状況や指示に反応して動くタイプで、周囲との調和を大切にしますが、前面に出るよりも裏方として静かに支えることを好みます。 計画よりもその場の状況に応じた柔軟さが持ち味ですが、段取りを事前に詰め切れないことがあります。 また、自ら目標を高く持って意欲的に取り組める点も強みです。 一方で、指示や目標が曖昧だと動きにくくなること、自分の考えや成果を周囲に伝える機会が少ないこと、計画性やリスク管理が手薄になりやすいこと、プレッシャーがかかる場面で本来の力を発揮しにくくなりやすいこと、変化や新しいやり方への対応にはやや時間がかかることには注意が必要です。
低い,高い,高い,低い,低い,低い,低い,高い,自分から方向性を決めるというより、周囲の状況や指示に反応して動くタイプで、周囲との調和を大切にしますが、前面に出るよりも裏方として静かに支えることを好みます。 計画よりもその場の状況に応じた柔軟さが持ち味ですが、段取りを事前に詰め切れないことがあります。 また、新しいやり方やアイデアも積極的に取り入れられる点も強みです。 一方で、指示や目標が曖昧だと動きにくくなること、自分の考えや成果を周囲に伝える機会が少ないこと、計画性やリスク管理が手薄になりやすいこと、プレッシャーがかかる場面で本来の力を発揮しにくくなりやすいこと、きっかけや目的が明確でないと意欲を保ちにくいことには注意が必要です。
低い,高い,高い,低い,低い,低い,低い,低い,自分から方向性を決めるというより、周囲の状況や指示に反応して動くタイプで、周囲との調和を大切にしますが、前面に出るよりも裏方として静かに支えることを好みます。 計画よりもその場の状況に応じた柔軟さが持ち味ですが、段取りを事前に詰め切れないことがあります。 一方で、指示や目標が曖昧だと動きにくくなること、自分の考えや成果を周囲に伝える機会が少ないこと、計画性やリスク管理が手薄になりやすいこと、プレッシャーがかかる場面で本来の力を発揮しにくくなりやすいこと、きっかけや目的が明確でないと意欲を保ちにくいこと、変化や新しいやり方への対応にはやや時間がかかることには注意が必要です。
低い,高い,低い,高い,高い,高い,高い,高い,自分から方向性を決めるというより、周囲の状況や指示に反応して動くタイプで、自分の考えを大切にする独立志向を持ちながら、社交的に自分の考えを発信していきます。 計画的に段取りを組み立てるのが得意で、長期的な戦略づくりや着実な実行が求められる役割に向いています。 また、プレッシャーの下でも動じず安定した力を発揮できる、自ら目標を高く持って意欲的に取り組める、新しいやり方やアイデアも積極的に取り入れられる点も強みです。 一方で、指示や目標が曖昧だと動きにくくなること、周囲との連携が後回しになり孤立しやすいことには注意が必要です。
低い,高い,低い,高い,高い,高い,高い,低い,自分から方向性を決めるというより、周囲の状況や指示に反応して動くタイプで、自分の考えを大切にする独立志向を持ちながら、社交的に自分の考えを発信していきます。 計画的に段取りを組み立てるのが得意で、長期的な戦略づくりや着実な実行が求められる役割に向いています。 また、プレッシャーの下でも動じず安定した力を発揮できる、自ら目標を高く持って意欲的に取り組める点も強みです。 一方で、指示や目標が曖昧だと動きにくくなること、周囲との連携が後回しになり孤立しやすいこと、変化や新しいやり方への対応にはやや時間がかかることには注意が必要です。
低い,高い,低い,高い,高い,高い,低い,高い,自分から方向性を決めるというより、周囲の状況や指示に反応して動くタイプで、自分の考えを大切にする独立志向を持ちながら、社交的に自分の考えを発信していきます。 計画的に段取りを組み立てるのが得意で、長期的な戦略づくりや着実な実行が求められる役割に向いています。 また、プレッシャーの下でも動じず安定した力を発揮できる、新しいやり方やアイデアも積極的に取り入れられる点も強みです。 一方で、指示や目標が曖昧だと動きにくくなること、周囲との連携が後回しになり孤立しやすいこと、きっかけや目的が明確でないと意欲を保ちにくいことには注意が必要です。
低い,高い,低い,高い,高い,高い,低い,低い,自分から方向性を決めるというより、周囲の状況や指示に反応して動くタイプで、自分の考えを大切にする独立志向を持ちながら、社交的に自分の考えを発信していきます。 計画的に段取りを組み立てるのが得意で、長期的な戦略づくりや着実な実行が求められる役割に向いています。 また、プレッシャーの下でも動じず安定した力を発揮できる点も強みです。 一方で、指示や目標が曖昧だと動きにくくなること、周囲との連携が後回しになり孤立しやすいこと、きっかけや目的が明確でないと意欲を保ちにくいこと、変化や新しいやり方への対応にはやや時間がかかることには注意が必要です。
低い,高い,低い,高い,高い,低い,高い,高い,自分から方向性を決めるというより、周囲の状況や指示に反応して動くタイプで、自分の考えを大切にする独立志向を持ちながら、社交的に自分の考えを発信していきます。 計画的に段取りを組み立てるのが得意で、長期的な戦略づくりや着実な実行が求められる役割に向いています。 また、自ら目標を高く持って意欲的に取り組める、新しいやり方やアイデアも積極的に取り入れられる点も強みです。 一方で、指示や目標が曖昧だと動きにくくなること、周囲との連携が後回しになり孤立しやすいこと、プレッシャーがかかる場面で本来の力を発揮しにくくなりやすいことには注意が必要です。
低い,高い,低い,高い,高い,低い,高い,低い,自分から方向性を決めるというより、周囲の状況や指示に反応して動くタイプで、自分の考えを大切にする独立志向を持ちながら、社交的に自分の考えを発信していきます。 計画的に段取りを組み立てるのが得意で、長期的な戦略づくりや着実な実行が求められる役割に向いています。 また、自ら目標を高く持って意欲的に取り組める点も強みです。 一方で、指示や目標が曖昧だと動きにくくなること、周囲との連携が後回しになり孤立しやすいこと、プレッシャーがかかる場面で本来の力を発揮しにくくなりやすいこと、変化や新しいやり方への対応にはやや時間がかかることには注意が必要です。
低い,高い,低い,高い,高い,低い,低い,高い,自分から方向性を決めるというより、周囲の状況や指示に反応して動くタイプで、自分の考えを大切にする独立志向を持ちながら、社交的に自分の考えを発信していきます。 計画的に段取りを組み立てるのが得意で、長期的な戦略づくりや着実な実行が求められる役割に向いています。 また、新しいやり方やアイデアも積極的に取り入れられる点も強みです。 一方で、指示や目標が曖昧だと動きにくくなること、周囲との連携が後回しになり孤立しやすいこと、プレッシャーがかかる場面で本来の力を発揮しにくくなりやすいこと、きっかけや目的が明確でないと意欲を保ちにくいことには注意が必要です。
低い,高い,低い,高い,高い,低い,低い,低い,自分から方向性を決めるというより、周囲の状況や指示に反応して動くタイプで、自分の考えを大切にする独立志向を持ちながら、社交的に自分の考えを発信していきます。 計画的に段取りを組み立てるのが得意で、長期的な戦略づくりや着実な実行が求められる役割に向いています。 一方で、指示や目標が曖昧だと動きにくくなること、周囲との連携が後回しになり孤立しやすいこと、プレッシャーがかかる場面で本来の力を発揮しにくくなりやすいこと、きっかけや目的が明確でないと意欲を保ちにくいこと、変化や新しいやり方への対応にはやや時間がかかることには注意が必要です。
低い,高い,低い,高い,低い,高い,高い,高い,自分から方向性を決めるというより、周囲の状況や指示に反応して動くタイプで、自分の考えを大切にする独立志向を持ちながら、社交的に自分の考えを発信していきます。 計画よりもその場の状況に応じた柔軟さが持ち味ですが、段取りを事前に詰め切れないことがあります。 また、プレッシャーの下でも動じず安定した力を発揮できる、自ら目標を高く持って意欲的に取り組める、新しいやり方やアイデアも積極的に取り入れられる点も強みです。 一方で、指示や目標が曖昧だと動きにくくなること、周囲との連携が後回しになり孤立しやすいこと、計画性やリスク管理が手薄になりやすいことには注意が必要です。
低い,高い,低い,高い,低い,高い,高い,低い,自分から方向性を決めるというより、周囲の状況や指示に反応して動くタイプで、自分の考えを大切にする独立志向を持ちながら、社交的に自分の考えを発信していきます。 計画よりもその場の状況に応じた柔軟さが持ち味ですが、段取りを事前に詰め切れないことがあります。 また、プレッシャーの下でも動じず安定した力を発揮できる、自ら目標を高く持って意欲的に取り組める点も強みです。 一方で、指示や目標が曖昧だと動きにくくなること、周囲との連携が後回しになり孤立しやすいこと、計画性やリスク管理が手薄になりやすいこと、変化や新しいやり方への対応にはやや時間がかかることには注意が必要です。
低い,高い,低い,高い,低い,高い,低い,高い,自分から方向性を決めるというより、周囲の状況や指示に反応して動くタイプで、自分の考えを大切にする独立志向を持ちながら、社交的に自分の考えを発信していきます。 計画よりもその場の状況に応じた柔軟さが持ち味ですが、段取りを事前に詰め切れないことがあります。 また、プレッシャーの下でも動じず安定した力を発揮できる、新しいやり方やアイデアも積極的に取り入れられる点も強みです。 一方で、指示や目標が曖昧だと動きにくくなること、周囲との連携が後回しになり孤立しやすいこと、計画性やリスク管理が手薄になりやすいこと、きっかけや目的が明確でないと意欲を保ちにくいことには注意が必要です。
低い,高い,低い,高い,低い,高い,低い,低い,自分から方向性を決めるというより、周囲の状況や指示に反応して動くタイプで、自分の考えを大切にする独立志向を持ちながら、社交的に自分の考えを発信していきます。 計画よりもその場の状況に応じた柔軟さが持ち味ですが、段取りを事前に詰め切れないことがあります。 また、プレッシャーの下でも動じず安定した力を発揮できる点も強みです。 一方で、指示や目標が曖昧だと動きにくくなること、周囲との連携が後回しになり孤立しやすいこと、計画性やリスク管理が手薄になりやすいこと、きっかけや目的が明確でないと意欲を保ちにくいこと、変化や新しいやり方への対応にはやや時間がかかることには注意が必要です。
低い,高い,低い,高い,低い,低い,高い,高い,自分から方向性を決めるというより、周囲の状況や指示に反応して動くタイプで、自分の考えを大切にする独立志向を持ちながら、社交的に自分の考えを発信していきます。 計画よりもその場の状況に応じた柔軟さが持ち味ですが、段取りを事前に詰め切れないことがあります。 また、自ら目標を高く持って意欲的に取り組める、新しいやり方やアイデアも積極的に取り入れられる点も強みです。 一方で、指示や目標が曖昧だと動きにくくなること、周囲との連携が後回しになり孤立しやすいこと、計画性やリスク管理が手薄になりやすいこと、プレッシャーがかかる場面で本来の力を発揮しにくくなりやすいことには注意が必要です。
低い,高い,低い,高い,低い,低い,高い,低い,自分から方向性を決めるというより、周囲の状況や指示に反応して動くタイプで、自分の考えを大切にする独立志向を持ちながら、社交的に自分の考えを発信していきます。 計画よりもその場の状況に応じた柔軟さが持ち味ですが、段取りを事前に詰め切れないことがあります。 また、自ら目標を高く持って意欲的に取り組める点も強みです。 一方で、指示や目標が曖昧だと動きにくくなること、周囲との連携が後回しになり孤立しやすいこと、計画性やリスク管理が手薄になりやすいこと、プレッシャーがかかる場面で本来の力を発揮しにくくなりやすいこと、変化や新しいやり方への対応にはやや時間がかかることには注意が必要です。
低い,高い,低い,高い,低い,低い,低い,高い,自分から方向性を決めるというより、周囲の状況や指示に反応して動くタイプで、自分の考えを大切にする独立志向を持ちながら、社交的に自分の考えを発信していきます。 計画よりもその場の状況に応じた柔軟さが持ち味ですが、段取りを事前に詰め切れないことがあります。 また、新しいやり方やアイデアも積極的に取り入れられる点も強みです。 一方で、指示や目標が曖昧だと動きにくくなること、周囲との連携が後回しになり孤立しやすいこと、計画性やリスク管理が手薄になりやすいこと、プレッシャーがかかる場面で本来の力を発揮しにくくなりやすいこと、きっかけや目的が明確でないと意欲を保ちにくいことには注意が必要です。
低い,高い,低い,高い,低い,低い,低い,低い,自分から方向性を決めるというより、周囲の状況や指示に反応して動くタイプで、自分の考えを大切にする独立志向を持ちながら、社交的に自分の考えを発信していきます。 計画よりもその場の状況に応じた柔軟さが持ち味ですが、段取りを事前に詰め切れないことがあります。 一方で、指示や目標が曖昧だと動きにくくなること、周囲との連携が後回しになり孤立しやすいこと、計画性やリスク管理が手薄になりやすいこと、プレッシャーがかかる場面で本来の力を発揮しにくくなりやすいこと、きっかけや目的が明確でないと意欲を保ちにくいこと、変化や新しいやり方への対応にはやや時間がかかることには注意が必要です。
低い,高い,低い,低い,高い,高い,高い,高い,自分から方向性を決めるというより、周囲の状況や指示に反応して動くタイプで、周囲との調整よりも自分のペースを優先し、一人で抱え込みやすい面もあります。 計画的に段取りを組み立てるのが得意で、長期的な戦略づくりや着実な実行が求められる役割に向いています。 また、プレッシャーの下でも動じず安定した力を発揮できる、自ら目標を高く持って意欲的に取り組める、新しいやり方やアイデアも積極的に取り入れられる点も強みです。 一方で、指示や目標が曖昧だと動きにくくなること、周囲との連携が後回しになり孤立しやすいこと、自分の考えや成果を周囲に伝える機会が少ないことには注意が必要です。
低い,高い,低い,低い,高い,高い,高い,低い,自分から方向性を決めるというより、周囲の状況や指示に反応して動くタイプで、周囲との調整よりも自分のペースを優先し、一人で抱え込みやすい面もあります。 計画的に段取りを組み立てるのが得意で、長期的な戦略づくりや着実な実行が求められる役割に向いています。 また、プレッシャーの下でも動じず安定した力を発揮できる、自ら目標を高く持って意欲的に取り組める点も強みです。 一方で、指示や目標が曖昧だと動きにくくなること、周囲との連携が後回しになり孤立しやすいこと、自分の考えや成果を周囲に伝える機会が少ないこと、変化や新しいやり方への対応にはやや時間がかかることには注意が必要です。
低い,高い,低い,低い,高い,高い,低い,高い,自分から方向性を決めるというより、周囲の状況や指示に反応して動くタイプで、周囲との調整よりも自分のペースを優先し、一人で抱え込みやすい面もあります。 計画的に段取りを組み立てるのが得意で、長期的な戦略づくりや着実な実行が求められる役割に向いています。 また、プレッシャーの下でも動じず安定した力を発揮できる、新しいやり方やアイデアも積極的に取り入れられる点も強みです。 一方で、指示や目標が曖昧だと動きにくくなること、周囲との連携が後回しになり孤立しやすいこと、自分の考えや成果を周囲に伝える機会が少ないこと、きっかけや目的が明確でないと意欲を保ちにくいことには注意が必要です。
低い,高い,低い,低い,高い,高い,低い,低い,自分から方向性を決めるというより、周囲の状況や指示に反応して動くタイプで、周囲との調整よりも自分のペースを優先し、一人で抱え込みやすい面もあります。 計画的に段取りを組み立てるのが得意で、長期的な戦略づくりや着実な実行が求められる役割に向いています。 また、プレッシャーの下でも動じず安定した力を発揮できる点も強みです。 一方で、指示や目標が曖昧だと動きにくくなること、周囲との連携が後回しになり孤立しやすいこと、自分の考えや成果を周囲に伝える機会が少ないこと、きっかけや目的が明確でないと意欲を保ちにくいこと、変化や新しいやり方への対応にはやや時間がかかることには注意が必要です。
低い,高い,低い,低い,高い,低い,高い,高い,自分から方向性を決めるというより、周囲の状況や指示に反応して動くタイプで、周囲との調整よりも自分のペースを優先し、一人で抱え込みやすい面もあります。 計画的に段取りを組み立てるのが得意で、長期的な戦略づくりや着実な実行が求められる役割に向いています。 また、自ら目標を高く持って意欲的に取り組める、新しいやり方やアイデアも積極的に取り入れられる点も強みです。 一方で、指示や目標が曖昧だと動きにくくなること、周囲との連携が後回しになり孤立しやすいこと、自分の考えや成果を周囲に伝える機会が少ないこと、プレッシャーがかかる場面で本来の力を発揮しにくくなりやすいことには注意が必要です。
低い,高い,低い,低い,高い,低い,高い,低い,自分から方向性を決めるというより、周囲の状況や指示に反応して動くタイプで、周囲との調整よりも自分のペースを優先し、一人で抱え込みやすい面もあります。 計画的に段取りを組み立てるのが得意で、長期的な戦略づくりや着実な実行が求められる役割に向いています。 また、自ら目標を高く持って意欲的に取り組める点も強みです。 一方で、指示や目標が曖昧だと動きにくくなること、周囲との連携が後回しになり孤立しやすいこと、自分の考えや成果を周囲に伝える機会が少ないこと、プレッシャーがかかる場面で本来の力を発揮しにくくなりやすいこと、変化や新しいやり方への対応にはやや時間がかかることには注意が必要です。
低い,高い,低い,低い,高い,低い,低い,高い,自分から方向性を決めるというより、周囲の状況や指示に反応して動くタイプで、周囲との調整よりも自分のペースを優先し、一人で抱え込みやすい面もあります。 計画的に段取りを組み立てるのが得意で、長期的な戦略づくりや着実な実行が求められる役割に向いています。 また、新しいやり方やアイデアも積極的に取り入れられる点も強みです。 一方で、指示や目標が曖昧だと動きにくくなること、周囲との連携が後回しになり孤立しやすいこと、自分の考えや成果を周囲に伝える機会が少ないこと、プレッシャーがかかる場面で本来の力を発揮しにくくなりやすいこと、きっかけや目的が明確でないと意欲を保ちにくいことには注意が必要です。
低い,高い,低い,低い,高い,低い,低い,低い,自分から方向性を決めるというより、周囲の状況や指示に反応して動くタイプで、周囲との調整よりも自分のペースを優先し、一人で抱え込みやすい面もあります。 計画的に段取りを組み立てるのが得意で、長期的な戦略づくりや着実な実行が求められる役割に向いています。 一方で、指示や目標が曖昧だと動きにくくなること、周囲との連携が後回しになり孤立しやすいこと、自分の考えや成果を周囲に伝える機会が少ないこと、プレッシャーがかかる場面で本来の力を発揮しにくくなりやすいこと、きっかけや目的が明確でないと意欲を保ちにくいこと、変化や新しいやり方への対応にはやや時間がかかることには注意が必要です。
低い,高い,低い,低い,低い,高い,高い,高い,自分から方向性を決めるというより、周囲の状況や指示に反応して動くタイプで、周囲との調整よりも自分のペースを優先し、一人で抱え込みやすい面もあります。 計画よりもその場の状況に応じた柔軟さが持ち味ですが、段取りを事前に詰め切れないことがあります。 また、プレッシャーの下でも動じず安定した力を発揮できる、自ら目標を高く持って意欲的に取り組める、新しいやり方やアイデアも積極的に取り入れられる点も強みです。 一方で、指示や目標が曖昧だと動きにくくなること、周囲との連携が後回しになり孤立しやすいこと、自分の考えや成果を周囲に伝える機会が少ないこと、計画性やリスク管理が手薄になりやすいことには注意が必要です。
低い,高い,低い,低い,低い,高い,高い,低い,自分から方向性を決めるというより、周囲の状況や指示に反応して動くタイプで、周囲との調整よりも自分のペースを優先し、一人で抱え込みやすい面もあります。 計画よりもその場の状況に応じた柔軟さが持ち味ですが、段取りを事前に詰め切れないことがあります。 また、プレッシャーの下でも動じず安定した力を発揮できる、自ら目標を高く持って意欲的に取り組める点も強みです。 一方で、指示や目標が曖昧だと動きにくくなること、周囲との連携が後回しになり孤立しやすいこと、自分の考えや成果を周囲に伝える機会が少ないこと、計画性やリスク管理が手薄になりやすいこと、変化や新しいやり方への対応にはやや時間がかかることには注意が必要です。
低い,高い,低い,低い,低い,高い,低い,高い,自分から方向性を決めるというより、周囲の状況や指示に反応して動くタイプで、周囲との調整よりも自分のペースを優先し、一人で抱え込みやすい面もあります。 計画よりもその場の状況に応じた柔軟さが持ち味ですが、段取りを事前に詰め切れないことがあります。 また、プレッシャーの下でも動じず安定した力を発揮できる、新しいやり方やアイデアも積極的に取り入れられる点も強みです。 一方で、指示や目標が曖昧だと動きにくくなること、周囲との連携が後回しになり孤立しやすいこと、自分の考えや成果を周囲に伝える機会が少ないこと、計画性やリスク管理が手薄になりやすいこと、きっかけや目的が明確でないと意欲を保ちにくいことには注意が必要です。
低い,高い,低い,低い,低い,高い,低い,低い,自分から方向性を決めるというより、周囲の状況や指示に反応して動くタイプで、周囲との調整よりも自分のペースを優先し、一人で抱え込みやすい面もあります。 計画よりもその場の状況に応じた柔軟さが持ち味ですが、段取りを事前に詰め切れないことがあります。 また、プレッシャーの下でも動じず安定した力を発揮できる点も強みです。 一方で、指示や目標が曖昧だと動きにくくなること、周囲との連携が後回しになり孤立しやすいこと、自分の考えや成果を周囲に伝える機会が少ないこと、計画性やリスク管理が手薄になりやすいこと、きっかけや目的が明確でないと意欲を保ちにくいこと、変化や新しいやり方への対応にはやや時間がかかることには注意が必要です。
低い,高い,低い,低い,低い,低い,高い,高い,自分から方向性を決めるというより、周囲の状況や指示に反応して動くタイプで、周囲との調整よりも自分のペースを優先し、一人で抱え込みやすい面もあります。 計画よりもその場の状況に応じた柔軟さが持ち味ですが、段取りを事前に詰め切れないことがあります。 また、自ら目標を高く持って意欲的に取り組める、新しいやり方やアイデアも積極的に取り入れられる点も強みです。 一方で、指示や目標が曖昧だと動きにくくなること、周囲との連携が後回しになり孤立しやすいこと、自分の考えや成果を周囲に伝える機会が少ないこと、計画性やリスク管理が手薄になりやすいこと、プレッシャーがかかる場面で本来の力を発揮しにくくなりやすいことには注意が必要です。
低い,高い,低い,低い,低い,低い,高い,低い,自分から方向性を決めるというより、周囲の状況や指示に反応して動くタイプで、周囲との調整よりも自分のペースを優先し、一人で抱え込みやすい面もあります。 計画よりもその場の状況に応じた柔軟さが持ち味ですが、段取りを事前に詰め切れないことがあります。 また、自ら目標を高く持って意欲的に取り組める点も強みです。 一方で、指示や目標が曖昧だと動きにくくなること、周囲との連携が後回しになり孤立しやすいこと、自分の考えや成果を周囲に伝える機会が少ないこと、計画性やリスク管理が手薄になりやすいこと、プレッシャーがかかる場面で本来の力を発揮しにくくなりやすいこと、変化や新しいやり方への対応にはやや時間がかかることには注意が必要です。
低い,高い,低い,低い,低い,低い,低い,高い,自分から方向性を決めるというより、周囲の状況や指示に反応して動くタイプで、周囲との調整よりも自分のペースを優先し、一人で抱え込みやすい面もあります。 計画よりもその場の状況に応じた柔軟さが持ち味ですが、段取りを事前に詰め切れないことがあります。 また、新しいやり方やアイデアも積極的に取り入れられる点も強みです。 一方で、指示や目標が曖昧だと動きにくくなること、周囲との連携が後回しになり孤立しやすいこと、自分の考えや成果を周囲に伝える機会が少ないこと、計画性やリスク管理が手薄になりやすいこと、プレッシャーがかかる場面で本来の力を発揮しにくくなりやすいこと、きっかけや目的が明確でないと意欲を保ちにくいことには注意が必要です。
低い,高い,低い,低い,低い,低い,低い,低い,自分から方向性を決めるというより、周囲の状況や指示に反応して動くタイプで、周囲との調整よりも自分のペースを優先し、一人で抱え込みやすい面もあります。 計画よりもその場の状況に応じた柔軟さが持ち味ですが、段取りを事前に詰め切れないことがあります。 一方で、指示や目標が曖昧だと動きにくくなること、周囲との連携が後回しになり孤立しやすいこと、自分の考えや成果を周囲に伝える機会が少ないこと、計画性やリスク管理が手薄になりやすいこと、プレッシャーがかかる場面で本来の力を発揮しにくくなりやすいこと、きっかけや目的が明確でないと意欲を保ちにくいこと、変化や新しいやり方への対応にはやや時間がかかることには注意が必要です。
低い,低い,高い,高い,高い,高い,高い,高い,自分から積極的に動くことは少なく、指示や状況を待ってから慎重に動くタイプで、周囲との調和を大切にしながら、社交的に人を巻き込んで物事を進めていきます。 計画的に段取りを組み立てるのが得意で、長期的な戦略づくりや着実な実行が求められる役割に向いています。 また、プレッシャーの下でも動じず安定した力を発揮できる、自ら目標を高く持って意欲的に取り組める、新しいやり方やアイデアも積極的に取り入れられる点も強みです。 一方で、指示や目標が曖昧だと動きにくくなること、スピードが求められる場面で出遅れやすいことには注意が必要です。
低い,低い,高い,高い,高い,高い,高い,低い,自分から積極的に動くことは少なく、指示や状況を待ってから慎重に動くタイプで、周囲との調和を大切にしながら、社交的に人を巻き込んで物事を進めていきます。 計画的に段取りを組み立てるのが得意で、長期的な戦略づくりや着実な実行が求められる役割に向いています。 また、プレッシャーの下でも動じず安定した力を発揮できる、自ら目標を高く持って意欲的に取り組める点も強みです。 一方で、指示や目標が曖昧だと動きにくくなること、スピードが求められる場面で出遅れやすいこと、変化や新しいやり方への対応にはやや時間がかかることには注意が必要です。
低い,低い,高い,高い,高い,高い,低い,高い,自分から積極的に動くことは少なく、指示や状況を待ってから慎重に動くタイプで、周囲との調和を大切にしながら、社交的に人を巻き込んで物事を進めていきます。 計画的に段取りを組み立てるのが得意で、長期的な戦略づくりや着実な実行が求められる役割に向いています。 また、プレッシャーの下でも動じず安定した力を発揮できる、新しいやり方やアイデアも積極的に取り入れられる点も強みです。 一方で、指示や目標が曖昧だと動きにくくなること、スピードが求められる場面で出遅れやすいこと、きっかけや目的が明確でないと意欲を保ちにくいことには注意が必要です。
低い,低い,高い,高い,高い,高い,低い,低い,自分から積極的に動くことは少なく、指示や状況を待ってから慎重に動くタイプで、周囲との調和を大切にしながら、社交的に人を巻き込んで物事を進めていきます。 計画的に段取りを組み立てるのが得意で、長期的な戦略づくりや着実な実行が求められる役割に向いています。 また、プレッシャーの下でも動じず安定した力を発揮できる点も強みです。 一方で、指示や目標が曖昧だと動きにくくなること、スピードが求められる場面で出遅れやすいこと、きっかけや目的が明確でないと意欲を保ちにくいこと、変化や新しいやり方への対応にはやや時間がかかることには注意が必要です。
低い,低い,高い,高い,高い,低い,高い,高い,自分から積極的に動くことは少なく、指示や状況を待ってから慎重に動くタイプで、周囲との調和を大切にしながら、社交的に人を巻き込んで物事を進めていきます。 計画的に段取りを組み立てるのが得意で、長期的な戦略づくりや着実な実行が求められる役割に向いています。 また、自ら目標を高く持って意欲的に取り組める、新しいやり方やアイデアも積極的に取り入れられる点も強みです。 一方で、指示や目標が曖昧だと動きにくくなること、スピードが求められる場面で出遅れやすいこと、プレッシャーがかかる場面で本来の力を発揮しにくくなりやすいことには注意が必要です。
低い,低い,高い,高い,高い,低い,高い,低い,自分から積極的に動くことは少なく、指示や状況を待ってから慎重に動くタイプで、周囲との調和を大切にしながら、社交的に人を巻き込んで物事を進めていきます。 計画的に段取りを組み立てるのが得意で、長期的な戦略づくりや着実な実行が求められる役割に向いています。 また、自ら目標を高く持って意欲的に取り組める点も強みです。 一方で、指示や目標が曖昧だと動きにくくなること、スピードが求められる場面で出遅れやすいこと、プレッシャーがかかる場面で本来の力を発揮しにくくなりやすいこと、変化や新しいやり方への対応にはやや時間がかかることには注意が必要です。
低い,低い,高い,高い,高い,低い,低い,高い,自分から積極的に動くことは少なく、指示や状況を待ってから慎重に動くタイプで、周囲との調和を大切にしながら、社交的に人を巻き込んで物事を進めていきます。 計画的に段取りを組み立てるのが得意で、長期的な戦略づくりや着実な実行が求められる役割に向いています。 また、新しいやり方やアイデアも積極的に取り入れられる点も強みです。 一方で、指示や目標が曖昧だと動きにくくなること、スピードが求められる場面で出遅れやすいこと、プレッシャーがかかる場面で本来の力を発揮しにくくなりやすいこと、きっかけや目的が明確でないと意欲を保ちにくいことには注意が必要です。
低い,低い,高い,高い,高い,低い,低い,低い,自分から積極的に動くことは少なく、指示や状況を待ってから慎重に動くタイプで、周囲との調和を大切にしながら、社交的に人を巻き込んで物事を進めていきます。 計画的に段取りを組み立てるのが得意で、長期的な戦略づくりや着実な実行が求められる役割に向いています。 一方で、指示や目標が曖昧だと動きにくくなること、スピードが求められる場面で出遅れやすいこと、プレッシャーがかかる場面で本来の力を発揮しにくくなりやすいこと、きっかけや目的が明確でないと意欲を保ちにくいこと、変化や新しいやり方への対応にはやや時間がかかることには注意が必要です。
低い,低い,高い,高い,低い,高い,高い,高い,自分から積極的に動くことは少なく、指示や状況を待ってから慎重に動くタイプで、周囲との調和を大切にしながら、社交的に人を巻き込んで物事を進めていきます。 計画よりもその場の状況に応じた柔軟さが持ち味ですが、段取りを事前に詰め切れないことがあります。 また、プレッシャーの下でも動じず安定した力を発揮できる、自ら目標を高く持って意欲的に取り組める、新しいやり方やアイデアも積極的に取り入れられる点も強みです。 一方で、指示や目標が曖昧だと動きにくくなること、スピードが求められる場面で出遅れやすいこと、計画性やリスク管理が手薄になりやすいことには注意が必要です。
低い,低い,高い,高い,低い,高い,高い,低い,自分から積極的に動くことは少なく、指示や状況を待ってから慎重に動くタイプで、周囲との調和を大切にしながら、社交的に人を巻き込んで物事を進めていきます。 計画よりもその場の状況に応じた柔軟さが持ち味ですが、段取りを事前に詰め切れないことがあります。 また、プレッシャーの下でも動じず安定した力を発揮できる、自ら目標を高く持って意欲的に取り組める点も強みです。 一方で、指示や目標が曖昧だと動きにくくなること、スピードが求められる場面で出遅れやすいこと、計画性やリスク管理が手薄になりやすいこと、変化や新しいやり方への対応にはやや時間がかかることには注意が必要です。
低い,低い,高い,高い,低い,高い,低い,高い,自分から積極的に動くことは少なく、指示や状況を待ってから慎重に動くタイプで、周囲との調和を大切にしながら、社交的に人を巻き込んで物事を進めていきます。 計画よりもその場の状況に応じた柔軟さが持ち味ですが、段取りを事前に詰め切れないことがあります。 また、プレッシャーの下でも動じず安定した力を発揮できる、新しいやり方やアイデアも積極的に取り入れられる点も強みです。 一方で、指示や目標が曖昧だと動きにくくなること、スピードが求められる場面で出遅れやすいこと、計画性やリスク管理が手薄になりやすいこと、きっかけや目的が明確でないと意欲を保ちにくいことには注意が必要です。
低い,低い,高い,高い,低い,高い,低い,低い,自分から積極的に動くことは少なく、指示や状況を待ってから慎重に動くタイプで、周囲との調和を大切にしながら、社交的に人を巻き込んで物事を進めていきます。 計画よりもその場の状況に応じた柔軟さが持ち味ですが、段取りを事前に詰め切れないことがあります。 また、プレッシャーの下でも動じず安定した力を発揮できる点も強みです。 一方で、指示や目標が曖昧だと動きにくくなること、スピードが求められる場面で出遅れやすいこと、計画性やリスク管理が手薄になりやすいこと、きっかけや目的が明確でないと意欲を保ちにくいこと、変化や新しいやり方への対応にはやや時間がかかることには注意が必要です。
低い,低い,高い,高い,低い,低い,高い,高い,自分から積極的に動くことは少なく、指示や状況を待ってから慎重に動くタイプで、周囲との調和を大切にしながら、社交的に人を巻き込んで物事を進めていきます。 計画よりもその場の状況に応じた柔軟さが持ち味ですが、段取りを事前に詰め切れないことがあります。 また、自ら目標を高く持って意欲的に取り組める、新しいやり方やアイデアも積極的に取り入れられる点も強みです。 一方で、指示や目標が曖昧だと動きにくくなること、スピードが求められる場面で出遅れやすいこと、計画性やリスク管理が手薄になりやすいこと、プレッシャーがかかる場面で本来の力を発揮しにくくなりやすいことには注意が必要です。
低い,低い,高い,高い,低い,低い,高い,低い,自分から積極的に動くことは少なく、指示や状況を待ってから慎重に動くタイプで、周囲との調和を大切にしながら、社交的に人を巻き込んで物事を進めていきます。 計画よりもその場の状況に応じた柔軟さが持ち味ですが、段取りを事前に詰め切れないことがあります。 また、自ら目標を高く持って意欲的に取り組める点も強みです。 一方で、指示や目標が曖昧だと動きにくくなること、スピードが求められる場面で出遅れやすいこと、計画性やリスク管理が手薄になりやすいこと、プレッシャーがかかる場面で本来の力を発揮しにくくなりやすいこと、変化や新しいやり方への対応にはやや時間がかかることには注意が必要です。
低い,低い,高い,高い,低い,低い,低い,高い,自分から積極的に動くことは少なく、指示や状況を待ってから慎重に動くタイプで、周囲との調和を大切にしながら、社交的に人を巻き込んで物事を進めていきます。 計画よりもその場の状況に応じた柔軟さが持ち味ですが、段取りを事前に詰め切れないことがあります。 また、新しいやり方やアイデアも積極的に取り入れられる点も強みです。 一方で、指示や目標が曖昧だと動きにくくなること、スピードが求められる場面で出遅れやすいこと、計画性やリスク管理が手薄になりやすいこと、プレッシャーがかかる場面で本来の力を発揮しにくくなりやすいこと、きっかけや目的が明確でないと意欲を保ちにくいことには注意が必要です。
低い,低い,高い,高い,低い,低い,低い,低い,自分から積極的に動くことは少なく、指示や状況を待ってから慎重に動くタイプで、周囲との調和を大切にしながら、社交的に人を巻き込んで物事を進めていきます。 計画よりもその場の状況に応じた柔軟さが持ち味ですが、段取りを事前に詰め切れないことがあります。 一方で、指示や目標が曖昧だと動きにくくなること、スピードが求められる場面で出遅れやすいこと、計画性やリスク管理が手薄になりやすいこと、プレッシャーがかかる場面で本来の力を発揮しにくくなりやすいこと、きっかけや目的が明確でないと意欲を保ちにくいこと、変化や新しいやり方への対応にはやや時間がかかることには注意が必要です。
低い,低い,高い,低い,高い,高い,高い,高い,自分から積極的に動くことは少なく、指示や状況を待ってから慎重に動くタイプで、周囲との調和を大切にしますが、前面に出るよりも裏方として静かに支えることを好みます。 計画的に段取りを組み立てるのが得意で、長期的な戦略づくりや着実な実行が求められる役割に向いています。 また、プレッシャーの下でも動じず安定した力を発揮できる、自ら目標を高く持って意欲的に取り組める、新しいやり方やアイデアも積極的に取り入れられる点も強みです。 一方で、指示や目標が曖昧だと動きにくくなること、スピードが求められる場面で出遅れやすいこと、自分の考えや成果を周囲に伝える機会が少ないことには注意が必要です。
低い,低い,高い,低い,高い,高い,高い,低い,自分から積極的に動くことは少なく、指示や状況を待ってから慎重に動くタイプで、周囲との調和を大切にしますが、前面に出るよりも裏方として静かに支えることを好みます。 計画的に段取りを組み立てるのが得意で、長期的な戦略づくりや着実な実行が求められる役割に向いています。 また、プレッシャーの下でも動じず安定した力を発揮できる、自ら目標を高く持って意欲的に取り組める点も強みです。 一方で、指示や目標が曖昧だと動きにくくなること、スピードが求められる場面で出遅れやすいこと、自分の考えや成果を周囲に伝える機会が少ないこと、変化や新しいやり方への対応にはやや時間がかかることには注意が必要です。
低い,低い,高い,低い,高い,高い,低い,高い,自分から積極的に動くことは少なく、指示や状況を待ってから慎重に動くタイプで、周囲との調和を大切にしますが、前面に出るよりも裏方として静かに支えることを好みます。 計画的に段取りを組み立てるのが得意で、長期的な戦略づくりや着実な実行が求められる役割に向いています。 また、プレッシャーの下でも動じず安定した力を発揮できる、新しいやり方やアイデアも積極的に取り入れられる点も強みです。 一方で、指示や目標が曖昧だと動きにくくなること、スピードが求められる場面で出遅れやすいこと、自分の考えや成果を周囲に伝える機会が少ないこと、きっかけや目的が明確でないと意欲を保ちにくいことには注意が必要です。
低い,低い,高い,低い,高い,高い,低い,低い,自分から積極的に動くことは少なく、指示や状況を待ってから慎重に動くタイプで、周囲との調和を大切にしますが、前面に出るよりも裏方として静かに支えることを好みます。 計画的に段取りを組み立てるのが得意で、長期的な戦略づくりや着実な実行が求められる役割に向いています。 また、プレッシャーの下でも動じず安定した力を発揮できる点も強みです。 一方で、指示や目標が曖昧だと動きにくくなること、スピードが求められる場面で出遅れやすいこと、自分の考えや成果を周囲に伝える機会が少ないこと、きっかけや目的が明確でないと意欲を保ちにくいこと、変化や新しいやり方への対応にはやや時間がかかることには注意が必要です。
低い,低い,高い,低い,高い,低い,高い,高い,自分から積極的に動くことは少なく、指示や状況を待ってから慎重に動くタイプで、周囲との調和を大切にしますが、前面に出るよりも裏方として静かに支えることを好みます。 計画的に段取りを組み立てるのが得意で、長期的な戦略づくりや着実な実行が求められる役割に向いています。 また、自ら目標を高く持って意欲的に取り組める、新しいやり方やアイデアも積極的に取り入れられる点も強みです。 一方で、指示や目標が曖昧だと動きにくくなること、スピードが求められる場面で出遅れやすいこと、自分の考えや成果を周囲に伝える機会が少ないこと、プレッシャーがかかる場面で本来の力を発揮しにくくなりやすいことには注意が必要です。
低い,低い,高い,低い,高い,低い,高い,低い,自分から積極的に動くことは少なく、指示や状況を待ってから慎重に動くタイプで、周囲との調和を大切にしますが、前面に出るよりも裏方として静かに支えることを好みます。 計画的に段取りを組み立てるのが得意で、長期的な戦略づくりや着実な実行が求められる役割に向いています。 また、自ら目標を高く持って意欲的に取り組める点も強みです。 一方で、指示や目標が曖昧だと動きにくくなること、スピードが求められる場面で出遅れやすいこと、自分の考えや成果を周囲に伝える機会が少ないこと、プレッシャーがかかる場面で本来の力を発揮しにくくなりやすいこと、変化や新しいやり方への対応にはやや時間がかかることには注意が必要です。
低い,低い,高い,低い,高い,低い,低い,高い,自分から積極的に動くことは少なく、指示や状況を待ってから慎重に動くタイプで、周囲との調和を大切にしますが、前面に出るよりも裏方として静かに支えることを好みます。 計画的に段取りを組み立てるのが得意で、長期的な戦略づくりや着実な実行が求められる役割に向いています。 また、新しいやり方やアイデアも積極的に取り入れられる点も強みです。 一方で、指示や目標が曖昧だと動きにくくなること、スピードが求められる場面で出遅れやすいこと、自分の考えや成果を周囲に伝える機会が少ないこと、プレッシャーがかかる場面で本来の力を発揮しにくくなりやすいこと、きっかけや目的が明確でないと意欲を保ちにくいことには注意が必要です。
低い,低い,高い,低い,高い,低い,低い,低い,自分から積極的に動くことは少なく、指示や状況を待ってから慎重に動くタイプで、周囲との調和を大切にしますが、前面に出るよりも裏方として静かに支えることを好みます。 計画的に段取りを組み立てるのが得意で、長期的な戦略づくりや着実な実行が求められる役割に向いています。 一方で、指示や目標が曖昧だと動きにくくなること、スピードが求められる場面で出遅れやすいこと、自分の考えや成果を周囲に伝える機会が少ないこと、プレッシャーがかかる場面で本来の力を発揮しにくくなりやすいこと、きっかけや目的が明確でないと意欲を保ちにくいこと、変化や新しいやり方への対応にはやや時間がかかることには注意が必要です。
低い,低い,高い,低い,低い,高い,高い,高い,自分から積極的に動くことは少なく、指示や状況を待ってから慎重に動くタイプで、周囲との調和を大切にしますが、前面に出るよりも裏方として静かに支えることを好みます。 計画よりもその場の状況に応じた柔軟さが持ち味ですが、段取りを事前に詰め切れないことがあります。 また、プレッシャーの下でも動じず安定した力を発揮できる、自ら目標を高く持って意欲的に取り組める、新しいやり方やアイデアも積極的に取り入れられる点も強みです。 一方で、指示や目標が曖昧だと動きにくくなること、スピードが求められる場面で出遅れやすいこと、自分の考えや成果を周囲に伝える機会が少ないこと、計画性やリスク管理が手薄になりやすいことには注意が必要です。
低い,低い,高い,低い,低い,高い,高い,低い,自分から積極的に動くことは少なく、指示や状況を待ってから慎重に動くタイプで、周囲との調和を大切にしますが、前面に出るよりも裏方として静かに支えることを好みます。 計画よりもその場の状況に応じた柔軟さが持ち味ですが、段取りを事前に詰め切れないことがあります。 また、プレッシャーの下でも動じず安定した力を発揮できる、自ら目標を高く持って意欲的に取り組める点も強みです。 一方で、指示や目標が曖昧だと動きにくくなること、スピードが求められる場面で出遅れやすいこと、自分の考えや成果を周囲に伝える機会が少ないこと、計画性やリスク管理が手薄になりやすいこと、変化や新しいやり方への対応にはやや時間がかかることには注意が必要です。
低い,低い,高い,低い,低い,高い,低い,高い,自分から積極的に動くことは少なく、指示や状況を待ってから慎重に動くタイプで、周囲との調和を大切にしますが、前面に出るよりも裏方として静かに支えることを好みます。 計画よりもその場の状況に応じた柔軟さが持ち味ですが、段取りを事前に詰め切れないことがあります。 また、プレッシャーの下でも動じず安定した力を発揮できる、新しいやり方やアイデアも積極的に取り入れられる点も強みです。 一方で、指示や目標が曖昧だと動きにくくなること、スピードが求められる場面で出遅れやすいこと、自分の考えや成果を周囲に伝える機会が少ないこと、計画性やリスク管理が手薄になりやすいこと、きっかけや目的が明確でないと意欲を保ちにくいことには注意が必要です。
低い,低い,高い,低い,低い,高い,低い,低い,自分から積極的に動くことは少なく、指示や状況を待ってから慎重に動くタイプで、周囲との調和を大切にしますが、前面に出るよりも裏方として静かに支えることを好みます。 計画よりもその場の状況に応じた柔軟さが持ち味ですが、段取りを事前に詰め切れないことがあります。 また、プレッシャーの下でも動じず安定した力を発揮できる点も強みです。 一方で、指示や目標が曖昧だと動きにくくなること、スピードが求められる場面で出遅れやすいこと、自分の考えや成果を周囲に伝える機会が少ないこと、計画性やリスク管理が手薄になりやすいこと、きっかけや目的が明確でないと意欲を保ちにくいこと、変化や新しいやり方への対応にはやや時間がかかることには注意が必要です。
低い,低い,高い,低い,低い,低い,高い,高い,自分から積極的に動くことは少なく、指示や状況を待ってから慎重に動くタイプで、周囲との調和を大切にしますが、前面に出るよりも裏方として静かに支えることを好みます。 計画よりもその場の状況に応じた柔軟さが持ち味ですが、段取りを事前に詰め切れないことがあります。 また、自ら目標を高く持って意欲的に取り組める、新しいやり方やアイデアも積極的に取り入れられる点も強みです。 一方で、指示や目標が曖昧だと動きにくくなること、スピードが求められる場面で出遅れやすいこと、自分の考えや成果を周囲に伝える機会が少ないこと、計画性やリスク管理が手薄になりやすいこと、プレッシャーがかかる場面で本来の力を発揮しにくくなりやすいことには注意が必要です。
低い,低い,高い,低い,低い,低い,高い,低い,自分から積極的に動くことは少なく、指示や状況を待ってから慎重に動くタイプで、周囲との調和を大切にしますが、前面に出るよりも裏方として静かに支えることを好みます。 計画よりもその場の状況に応じた柔軟さが持ち味ですが、段取りを事前に詰め切れないことがあります。 また、自ら目標を高く持って意欲的に取り組める点も強みです。 一方で、指示や目標が曖昧だと動きにくくなること、スピードが求められる場面で出遅れやすいこと、自分の考えや成果を周囲に伝える機会が少ないこと、計画性やリスク管理が手薄になりやすいこと、プレッシャーがかかる場面で本来の力を発揮しにくくなりやすいこと、変化や新しいやり方への対応にはやや時間がかかることには注意が必要です。
低い,低い,高い,低い,低い,低い,低い,高い,自分から積極的に動くことは少なく、指示や状況を待ってから慎重に動くタイプで、周囲との調和を大切にしますが、前面に出るよりも裏方として静かに支えることを好みます。 計画よりもその場の状況に応じた柔軟さが持ち味ですが、段取りを事前に詰め切れないことがあります。 また、新しいやり方やアイデアも積極的に取り入れられる点も強みです。 一方で、指示や目標が曖昧だと動きにくくなること、スピードが求められる場面で出遅れやすいこと、自分の考えや成果を周囲に伝える機会が少ないこと、計画性やリスク管理が手薄になりやすいこと、プレッシャーがかかる場面で本来の力を発揮しにくくなりやすいこと、きっかけや目的が明確でないと意欲を保ちにくいことには注意が必要です。
低い,低い,高い,低い,低い,低い,低い,低い,自分から積極的に動くことは少なく、指示や状況を待ってから慎重に動くタイプで、周囲との調和を大切にしますが、前面に出るよりも裏方として静かに支えることを好みます。 計画よりもその場の状況に応じた柔軟さが持ち味ですが、段取りを事前に詰め切れないことがあります。 一方で、指示や目標が曖昧だと動きにくくなること、スピードが求められる場面で出遅れやすいこと、自分の考えや成果を周囲に伝える機会が少ないこと、計画性やリスク管理が手薄になりやすいこと、プレッシャーがかかる場面で本来の力を発揮しにくくなりやすいこと、きっかけや目的が明確でないと意欲を保ちにくいこと、変化や新しいやり方への対応にはやや時間がかかることには注意が必要です。
低い,低い,低い,高い,高い,高い,高い,高い,自分から積極的に動くことは少なく、指示や状況を待ってから慎重に動くタイプで、自分の考えを大切にする独立志向を持ちながら、社交的に自分の考えを発信していきます。 計画的に段取りを組み立てるのが得意で、長期的な戦略づくりや着実な実行が求められる役割に向いています。 また、プレッシャーの下でも動じず安定した力を発揮できる、自ら目標を高く持って意欲的に取り組める、新しいやり方やアイデアも積極的に取り入れられる点も強みです。 一方で、指示や目標が曖昧だと動きにくくなること、スピードが求められる場面で出遅れやすいこと、周囲との連携が後回しになり孤立しやすいことには注意が必要です。
低い,低い,低い,高い,高い,高い,高い,低い,自分から積極的に動くことは少なく、指示や状況を待ってから慎重に動くタイプで、自分の考えを大切にする独立志向を持ちながら、社交的に自分の考えを発信していきます。 計画的に段取りを組み立てるのが得意で、長期的な戦略づくりや着実な実行が求められる役割に向いています。 また、プレッシャーの下でも動じず安定した力を発揮できる、自ら目標を高く持って意欲的に取り組める点も強みです。 一方で、指示や目標が曖昧だと動きにくくなること、スピードが求められる場面で出遅れやすいこと、周囲との連携が後回しになり孤立しやすいこと、変化や新しいやり方への対応にはやや時間がかかることには注意が必要です。
低い,低い,低い,高い,高い,高い,低い,高い,自分から積極的に動くことは少なく、指示や状況を待ってから慎重に動くタイプで、自分の考えを大切にする独立志向を持ちながら、社交的に自分の考えを発信していきます。 計画的に段取りを組み立てるのが得意で、長期的な戦略づくりや着実な実行が求められる役割に向いています。 また、プレッシャーの下でも動じず安定した力を発揮できる、新しいやり方やアイデアも積極的に取り入れられる点も強みです。 一方で、指示や目標が曖昧だと動きにくくなること、スピードが求められる場面で出遅れやすいこと、周囲との連携が後回しになり孤立しやすいこと、きっかけや目的が明確でないと意欲を保ちにくいことには注意が必要です。
低い,低い,低い,高い,高い,高い,低い,低い,自分から積極的に動くことは少なく、指示や状況を待ってから慎重に動くタイプで、自分の考えを大切にする独立志向を持ちながら、社交的に自分の考えを発信していきます。 計画的に段取りを組み立てるのが得意で、長期的な戦略づくりや着実な実行が求められる役割に向いています。 また、プレッシャーの下でも動じず安定した力を発揮できる点も強みです。 一方で、指示や目標が曖昧だと動きにくくなること、スピードが求められる場面で出遅れやすいこと、周囲との連携が後回しになり孤立しやすいこと、きっかけや目的が明確でないと意欲を保ちにくいこと、変化や新しいやり方への対応にはやや時間がかかることには注意が必要です。
低い,低い,低い,高い,高い,低い,高い,高い,自分から積極的に動くことは少なく、指示や状況を待ってから慎重に動くタイプで、自分の考えを大切にする独立志向を持ちながら、社交的に自分の考えを発信していきます。 計画的に段取りを組み立てるのが得意で、長期的な戦略づくりや着実な実行が求められる役割に向いています。 また、自ら目標を高く持って意欲的に取り組める、新しいやり方やアイデアも積極的に取り入れられる点も強みです。 一方で、指示や目標が曖昧だと動きにくくなること、スピードが求められる場面で出遅れやすいこと、周囲との連携が後回しになり孤立しやすいこと、プレッシャーがかかる場面で本来の力を発揮しにくくなりやすいことには注意が必要です。
低い,低い,低い,高い,高い,低い,高い,低い,自分から積極的に動くことは少なく、指示や状況を待ってから慎重に動くタイプで、自分の考えを大切にする独立志向を持ちながら、社交的に自分の考えを発信していきます。 計画的に段取りを組み立てるのが得意で、長期的な戦略づくりや着実な実行が求められる役割に向いています。 また、自ら目標を高く持って意欲的に取り組める点も強みです。 一方で、指示や目標が曖昧だと動きにくくなること、スピードが求められる場面で出遅れやすいこと、周囲との連携が後回しになり孤立しやすいこと、プレッシャーがかかる場面で本来の力を発揮しにくくなりやすいこと、変化や新しいやり方への対応にはやや時間がかかることには注意が必要です。
低い,低い,低い,高い,高い,低い,低い,高い,自分から積極的に動くことは少なく、指示や状況を待ってから慎重に動くタイプで、自分の考えを大切にする独立志向を持ちながら、社交的に自分の考えを発信していきます。 計画的に段取りを組み立てるのが得意で、長期的な戦略づくりや着実な実行が求められる役割に向いています。 また、新しいやり方やアイデアも積極的に取り入れられる点も強みです。 一方で、指示や目標が曖昧だと動きにくくなること、スピードが求められる場面で出遅れやすいこと、周囲との連携が後回しになり孤立しやすいこと、プレッシャーがかかる場面で本来の力を発揮しにくくなりやすいこと、きっかけや目的が明確でないと意欲を保ちにくいことには注意が必要です。
低い,低い,低い,高い,高い,低い,低い,低い,自分から積極的に動くことは少なく、指示や状況を待ってから慎重に動くタイプで、自分の考えを大切にする独立志向を持ちながら、社交的に自分の考えを発信していきます。 計画的に段取りを組み立てるのが得意で、長期的な戦略づくりや着実な実行が求められる役割に向いています。 一方で、指示や目標が曖昧だと動きにくくなること、スピードが求められる場面で出遅れやすいこと、周囲との連携が後回しになり孤立しやすいこと、プレッシャーがかかる場面で本来の力を発揮しにくくなりやすいこと、きっかけや目的が明確でないと意欲を保ちにくいこと、変化や新しいやり方への対応にはやや時間がかかることには注意が必要です。
低い,低い,低い,高い,低い,高い,高い,高い,自分から積極的に動くことは少なく、指示や状況を待ってから慎重に動くタイプで、自分の考えを大切にする独立志向を持ちながら、社交的に自分の考えを発信していきます。 計画よりもその場の状況に応じた柔軟さが持ち味ですが、段取りを事前に詰め切れないことがあります。 また、プレッシャーの下でも動じず安定した力を発揮できる、自ら目標を高く持って意欲的に取り組める、新しいやり方やアイデアも積極的に取り入れられる点も強みです。 一方で、指示や目標が曖昧だと動きにくくなること、スピードが求められる場面で出遅れやすいこと、周囲との連携が後回しになり孤立しやすいこと、計画性やリスク管理が手薄になりやすいことには注意が必要です。
低い,低い,低い,高い,低い,高い,高い,低い,自分から積極的に動くことは少なく、指示や状況を待ってから慎重に動くタイプで、自分の考えを大切にする独立志向を持ちながら、社交的に自分の考えを発信していきます。 計画よりもその場の状況に応じた柔軟さが持ち味ですが、段取りを事前に詰め切れないことがあります。 また、プレッシャーの下でも動じず安定した力を発揮できる、自ら目標を高く持って意欲的に取り組める点も強みです。 一方で、指示や目標が曖昧だと動きにくくなること、スピードが求められる場面で出遅れやすいこと、周囲との連携が後回しになり孤立しやすいこと、計画性やリスク管理が手薄になりやすいこと、変化や新しいやり方への対応にはやや時間がかかることには注意が必要です。
低い,低い,低い,高い,低い,高い,低い,高い,自分から積極的に動くことは少なく、指示や状況を待ってから慎重に動くタイプで、自分の考えを大切にする独立志向を持ちながら、社交的に自分の考えを発信していきます。 計画よりもその場の状況に応じた柔軟さが持ち味ですが、段取りを事前に詰め切れないことがあります。 また、プレッシャーの下でも動じず安定した力を発揮できる、新しいやり方やアイデアも積極的に取り入れられる点も強みです。 一方で、指示や目標が曖昧だと動きにくくなること、スピードが求められる場面で出遅れやすいこと、周囲との連携が後回しになり孤立しやすいこと、計画性やリスク管理が手薄になりやすいこと、きっかけや目的が明確でないと意欲を保ちにくいことには注意が必要です。
低い,低い,低い,高い,低い,高い,低い,低い,自分から積極的に動くことは少なく、指示や状況を待ってから慎重に動くタイプで、自分の考えを大切にする独立志向を持ちながら、社交的に自分の考えを発信していきます。 計画よりもその場の状況に応じた柔軟さが持ち味ですが、段取りを事前に詰め切れないことがあります。 また、プレッシャーの下でも動じず安定した力を発揮できる点も強みです。 一方で、指示や目標が曖昧だと動きにくくなること、スピードが求められる場面で出遅れやすいこと、周囲との連携が後回しになり孤立しやすいこと、計画性やリスク管理が手薄になりやすいこと、きっかけや目的が明確でないと意欲を保ちにくいこと、変化や新しいやり方への対応にはやや時間がかかることには注意が必要です。
低い,低い,低い,高い,低い,低い,高い,高い,自分から積極的に動くことは少なく、指示や状況を待ってから慎重に動くタイプで、自分の考えを大切にする独立志向を持ちながら、社交的に自分の考えを発信していきます。 計画よりもその場の状況に応じた柔軟さが持ち味ですが、段取りを事前に詰め切れないことがあります。 また、自ら目標を高く持って意欲的に取り組める、新しいやり方やアイデアも積極的に取り入れられる点も強みです。 一方で、指示や目標が曖昧だと動きにくくなること、スピードが求められる場面で出遅れやすいこと、周囲との連携が後回しになり孤立しやすいこと、計画性やリスク管理が手薄になりやすいこと、プレッシャーがかかる場面で本来の力を発揮しにくくなりやすいことには注意が必要です。
低い,低い,低い,高い,低い,低い,高い,低い,自分から積極的に動くことは少なく、指示や状況を待ってから慎重に動くタイプで、自分の考えを大切にする独立志向を持ちながら、社交的に自分の考えを発信していきます。 計画よりもその場の状況に応じた柔軟さが持ち味ですが、段取りを事前に詰め切れないことがあります。 また、自ら目標を高く持って意欲的に取り組める点も強みです。 一方で、指示や目標が曖昧だと動きにくくなること、スピードが求められる場面で出遅れやすいこと、周囲との連携が後回しになり孤立しやすいこと、計画性やリスク管理が手薄になりやすいこと、プレッシャーがかかる場面で本来の力を発揮しにくくなりやすいこと、変化や新しいやり方への対応にはやや時間がかかることには注意が必要です。
低い,低い,低い,高い,低い,低い,低い,高い,自分から積極的に動くことは少なく、指示や状況を待ってから慎重に動くタイプで、自分の考えを大切にする独立志向を持ちながら、社交的に自分の考えを発信していきます。 計画よりもその場の状況に応じた柔軟さが持ち味ですが、段取りを事前に詰め切れないことがあります。 また、新しいやり方やアイデアも積極的に取り入れられる点も強みです。 一方で、指示や目標が曖昧だと動きにくくなること、スピードが求められる場面で出遅れやすいこと、周囲との連携が後回しになり孤立しやすいこと、計画性やリスク管理が手薄になりやすいこと、プレッシャーがかかる場面で本来の力を発揮しにくくなりやすいこと、きっかけや目的が明確でないと意欲を保ちにくいことには注意が必要です。
低い,低い,低い,高い,低い,低い,低い,低い,自分から積極的に動くことは少なく、指示や状況を待ってから慎重に動くタイプで、自分の考えを大切にする独立志向を持ちながら、社交的に自分の考えを発信していきます。 計画よりもその場の状況に応じた柔軟さが持ち味ですが、段取りを事前に詰め切れないことがあります。 一方で、指示や目標が曖昧だと動きにくくなること、スピードが求められる場面で出遅れやすいこと、周囲との連携が後回しになり孤立しやすいこと、計画性やリスク管理が手薄になりやすいこと、プレッシャーがかかる場面で本来の力を発揮しにくくなりやすいこと、きっかけや目的が明確でないと意欲を保ちにくいこと、変化や新しいやり方への対応にはやや時間がかかることには注意が必要です。
低い,低い,低い,低い,高い,高い,高い,高い,自分から積極的に動くことは少なく、指示や状況を待ってから慎重に動くタイプで、周囲との調整よりも自分のペースを優先し、一人で抱え込みやすい面もあります。 計画的に段取りを組み立てるのが得意で、長期的な戦略づくりや着実な実行が求められる役割に向いています。 また、プレッシャーの下でも動じず安定した力を発揮できる、自ら目標を高く持って意欲的に取り組める、新しいやり方やアイデアも積極的に取り入れられる点も強みです。 一方で、指示や目標が曖昧だと動きにくくなること、スピードが求められる場面で出遅れやすいこと、周囲との連携が後回しになり孤立しやすいこと、自分の考えや成果を周囲に伝える機会が少ないことには注意が必要です。
低い,低い,低い,低い,高い,高い,高い,低い,自分から積極的に動くことは少なく、指示や状況を待ってから慎重に動くタイプで、周囲との調整よりも自分のペースを優先し、一人で抱え込みやすい面もあります。 計画的に段取りを組み立てるのが得意で、長期的な戦略づくりや着実な実行が求められる役割に向いています。 また、プレッシャーの下でも動じず安定した力を発揮できる、自ら目標を高く持って意欲的に取り組める点も強みです。 一方で、指示や目標が曖昧だと動きにくくなること、スピードが求められる場面で出遅れやすいこと、周囲との連携が後回しになり孤立しやすいこと、自分の考えや成果を周囲に伝える機会が少ないこと、変化や新しいやり方への対応にはやや時間がかかることには注意が必要です。
低い,低い,低い,低い,高い,高い,低い,高い,自分から積極的に動くことは少なく、指示や状況を待ってから慎重に動くタイプで、周囲との調整よりも自分のペースを優先し、一人で抱え込みやすい面もあります。 計画的に段取りを組み立てるのが得意で、長期的な戦略づくりや着実な実行が求められる役割に向いています。 また、プレッシャーの下でも動じず安定した力を発揮できる、新しいやり方やアイデアも積極的に取り入れられる点も強みです。 一方で、指示や目標が曖昧だと動きにくくなること、スピードが求められる場面で出遅れやすいこと、周囲との連携が後回しになり孤立しやすいこと、自分の考えや成果を周囲に伝える機会が少ないこと、きっかけや目的が明確でないと意欲を保ちにくいことには注意が必要です。
低い,低い,低い,低い,高い,高い,低い,低い,自分から積極的に動くことは少なく、指示や状況を待ってから慎重に動くタイプで、周囲との調整よりも自分のペースを優先し、一人で抱え込みやすい面もあります。 計画的に段取りを組み立てるのが得意で、長期的な戦略づくりや着実な実行が求められる役割に向いています。 また、プレッシャーの下でも動じず安定した力を発揮できる点も強みです。 一方で、指示や目標が曖昧だと動きにくくなること、スピードが求められる場面で出遅れやすいこと、周囲との連携が後回しになり孤立しやすいこと、自分の考えや成果を周囲に伝える機会が少ないこと、きっかけや目的が明確でないと意欲を保ちにくいこと、変化や新しいやり方への対応にはやや時間がかかることには注意が必要です。
低い,低い,低い,低い,高い,低い,高い,高い,自分から積極的に動くことは少なく、指示や状況を待ってから慎重に動くタイプで、周囲との調整よりも自分のペースを優先し、一人で抱え込みやすい面もあります。 計画的に段取りを組み立てるのが得意で、長期的な戦略づくりや着実な実行が求められる役割に向いています。 また、自ら目標を高く持って意欲的に取り組める、新しいやり方やアイデアも積極的に取り入れられる点も強みです。 一方で、指示や目標が曖昧だと動きにくくなること、スピードが求められる場面で出遅れやすいこと、周囲との連携が後回しになり孤立しやすいこと、自分の考えや成果を周囲に伝える機会が少ないこと、プレッシャーがかかる場面で本来の力を発揮しにくくなりやすいことには注意が必要です。
低い,低い,低い,低い,高い,低い,高い,低い,自分から積極的に動くことは少なく、指示や状況を待ってから慎重に動くタイプで、周囲との調整よりも自分のペースを優先し、一人で抱え込みやすい面もあります。 計画的に段取りを組み立てるのが得意で、長期的な戦略づくりや着実な実行が求められる役割に向いています。 また、自ら目標を高く持って意欲的に取り組める点も強みです。 一方で、指示や目標が曖昧だと動きにくくなること、スピードが求められる場面で出遅れやすいこと、周囲との連携が後回しになり孤立しやすいこと、自分の考えや成果を周囲に伝える機会が少ないこと、プレッシャーがかかる場面で本来の力を発揮しにくくなりやすいこと、変化や新しいやり方への対応にはやや時間がかかることには注意が必要です。
低い,低い,低い,低い,高い,低い,低い,高い,自分から積極的に動くことは少なく、指示や状況を待ってから慎重に動くタイプで、周囲との調整よりも自分のペースを優先し、一人で抱え込みやすい面もあります。 計画的に段取りを組み立てるのが得意で、長期的な戦略づくりや着実な実行が求められる役割に向いています。 また、新しいやり方やアイデアも積極的に取り入れられる点も強みです。 一方で、指示や目標が曖昧だと動きにくくなること、スピードが求められる場面で出遅れやすいこと、周囲との連携が後回しになり孤立しやすいこと、自分の考えや成果を周囲に伝える機会が少ないこと、プレッシャーがかかる場面で本来の力を発揮しにくくなりやすいこと、きっかけや目的が明確でないと意欲を保ちにくいことには注意が必要です。
低い,低い,低い,低い,高い,低い,低い,低い,自分から積極的に動くことは少なく、指示や状況を待ってから慎重に動くタイプで、周囲との調整よりも自分のペースを優先し、一人で抱え込みやすい面もあります。 計画的に段取りを組み立てるのが得意で、長期的な戦略づくりや着実な実行が求められる役割に向いています。 一方で、指示や目標が曖昧だと動きにくくなること、スピードが求められる場面で出遅れやすいこと、周囲との連携が後回しになり孤立しやすいこと、自分の考えや成果を周囲に伝える機会が少ないこと、プレッシャーがかかる場面で本来の力を発揮しにくくなりやすいこと、きっかけや目的が明確でないと意欲を保ちにくいこと、変化や新しいやり方への対応にはやや時間がかかることには注意が必要です。
低い,低い,低い,低い,低い,高い,高い,高い,自分から積極的に動くことは少なく、指示や状況を待ってから慎重に動くタイプで、周囲との調整よりも自分のペースを優先し、一人で抱え込みやすい面もあります。 計画よりもその場の状況に応じた柔軟さが持ち味ですが、段取りを事前に詰め切れないことがあります。 また、プレッシャーの下でも動じず安定した力を発揮できる、自ら目標を高く持って意欲的に取り組める、新しいやり方やアイデアも積極的に取り入れられる点も強みです。 一方で、指示や目標が曖昧だと動きにくくなること、スピードが求められる場面で出遅れやすいこと、周囲との連携が後回しになり孤立しやすいこと、自分の考えや成果を周囲に伝える機会が少ないこと、計画性やリスク管理が手薄になりやすいことには注意が必要です。
低い,低い,低い,低い,低い,高い,高い,低い,自分から積極的に動くことは少なく、指示や状況を待ってから慎重に動くタイプで、周囲との調整よりも自分のペースを優先し、一人で抱え込みやすい面もあります。 計画よりもその場の状況に応じた柔軟さが持ち味ですが、段取りを事前に詰め切れないことがあります。 また、プレッシャーの下でも動じず安定した力を発揮できる、自ら目標を高く持って意欲的に取り組める点も強みです。 一方で、指示や目標が曖昧だと動きにくくなること、スピードが求められる場面で出遅れやすいこと、周囲との連携が後回しになり孤立しやすいこと、自分の考えや成果を周囲に伝える機会が少ないこと、計画性やリスク管理が手薄になりやすいこと、変化や新しいやり方への対応にはやや時間がかかることには注意が必要です。
低い,低い,低い,低い,低い,高い,低い,高い,自分から積極的に動くことは少なく、指示や状況を待ってから慎重に動くタイプで、周囲との調整よりも自分のペースを優先し、一人で抱え込みやすい面もあります。 計画よりもその場の状況に応じた柔軟さが持ち味ですが、段取りを事前に詰め切れないことがあります。 また、プレッシャーの下でも動じず安定した力を発揮できる、新しいやり方やアイデアも積極的に取り入れられる点も強みです。 一方で、指示や目標が曖昧だと動きにくくなること、スピードが求められる場面で出遅れやすいこと、周囲との連携が後回しになり孤立しやすいこと、自分の考えや成果を周囲に伝える機会が少ないこと、計画性やリスク管理が手薄になりやすいこと、きっかけや目的が明確でないと意欲を保ちにくいことには注意が必要です。
低い,低い,低い,低い,低い,高い,低い,低い,自分から積極的に動くことは少なく、指示や状況を待ってから慎重に動くタイプで、周囲との調整よりも自分のペースを優先し、一人で抱え込みやすい面もあります。 計画よりもその場の状況に応じた柔軟さが持ち味ですが、段取りを事前に詰め切れないことがあります。 また、プレッシャーの下でも動じず安定した力を発揮できる点も強みです。 一方で、指示や目標が曖昧だと動きにくくなること、スピードが求められる場面で出遅れやすいこと、周囲との連携が後回しになり孤立しやすいこと、自分の考えや成果を周囲に伝える機会が少ないこと、計画性やリスク管理が手薄になりやすいこと、きっかけや目的が明確でないと意欲を保ちにくいこと、変化や新しいやり方への対応にはやや時間がかかることには注意が必要です。
低い,低い,低い,低い,低い,低い,高い,高い,自分から積極的に動くことは少なく、指示や状況を待ってから慎重に動くタイプで、周囲との調整よりも自分のペースを優先し、一人で抱え込みやすい面もあります。 計画よりもその場の状況に応じた柔軟さが持ち味ですが、段取りを事前に詰め切れないことがあります。 また、自ら目標を高く持って意欲的に取り組める、新しいやり方やアイデアも積極的に取り入れられる点も強みです。 一方で、指示や目標が曖昧だと動きにくくなること、スピードが求められる場面で出遅れやすいこと、周囲との連携が後回しになり孤立しやすいこと、自分の考えや成果を周囲に伝える機会が少ないこと、計画性やリスク管理が手薄になりやすいこと、プレッシャーがかかる場面で本来の力を発揮しにくくなりやすいことには注意が必要です。
低い,低い,低い,低い,低い,低い,高い,低い,自分から積極的に動くことは少なく、指示や状況を待ってから慎重に動くタイプで、周囲との調整よりも自分のペースを優先し、一人で抱え込みやすい面もあります。 計画よりもその場の状況に応じた柔軟さが持ち味ですが、段取りを事前に詰め切れないことがあります。 また、自ら目標を高く持って意欲的に取り組める点も強みです。 一方で、指示や目標が曖昧だと動きにくくなること、スピードが求められる場面で出遅れやすいこと、周囲との連携が後回しになり孤立しやすいこと、自分の考えや成果を周囲に伝える機会が少ないこと、計画性やリスク管理が手薄になりやすいこと、プレッシャーがかかる場面で本来の力を発揮しにくくなりやすいこと、変化や新しいやり方への対応にはやや時間がかかることには注意が必要です。
低い,低い,低い,低い,低い,低い,低い,高い,自分から積極的に動くことは少なく、指示や状況を待ってから慎重に動くタイプで、周囲との調整よりも自分のペースを優先し、一人で抱え込みやすい面もあります。 計画よりもその場の状況に応じた柔軟さが持ち味ですが、段取りを事前に詰め切れないことがあります。 また、新しいやり方やアイデアも積極的に取り入れられる点も強みです。 一方で、指示や目標が曖昧だと動きにくくなること、スピードが求められる場面で出遅れやすいこと、周囲との連携が後回しになり孤立しやすいこと、自分の考えや成果を周囲に伝える機会が少ないこと、計画性やリスク管理が手薄になりやすいこと、プレッシャーがかかる場面で本来の力を発揮しにくくなりやすいこと、きっかけや目的が明確でないと意欲を保ちにくいことには注意が必要です。
低い,低い,低い,低い,低い,低い,低い,低い,自分から積極的に動くことは少なく、指示や状況を待ってから慎重に動くタイプで、周囲との調整よりも自分のペースを優先し、一人で抱え込みやすい面もあります。 計画よりもその場の状況に応じた柔軟さが持ち味ですが、段取りを事前に詰め切れないことがあります。 一方で、指示や目標が曖昧だと動きにくくなること、スピードが求められる場面で出遅れやすいこと、周囲との連携が後回しになり孤立しやすいこと、自分の考えや成果を周囲に伝える機会が少ないこと、計画性やリスク管理が手薄になりやすいこと、プレッシャーがかかる場面で本来の力を発揮しにくくなりやすいこと、きっかけや目的が明確でないと意欲を保ちにくいこと、変化や新しいやり方への対応にはやや時間がかかることには注意が必要です。
